luigi,1,buggy,fail
luigi,1,fixed,pass
luigi,2,buggy,error
luigi,2,fixed,error
luigi,3,buggy,fail
luigi,3,fixed,pass
luigi,4,buggy,fail
luigi,4,fixed,pass
luigi,5,buggy,fail
luigi,5,fixed,pass
luigi,6,buggy,fail
luigi,6,fixed,pass
luigi,7,buggy,fail
luigi,7,fixed,pass
luigi,8,buggy,fail
luigi,8,fixed,pass
luigi,9,buggy,fail
luigi,9,fixed,pass
luigi,10,buggy,fail
luigi,10,fixed,pass
luigi,11,buggy,fail
luigi,11,fixed,pass
luigi,12,buggy,fail
luigi,12,fixed,pass
luigi,13,buggy,fail
luigi,13,fixed,pass
luigi,14,buggy,fail
luigi,14,fixed,pass
luigi,15,buggy,fail
luigi,15,fixed,pass
luigi,16,buggy,fail
luigi,16,fixed,pass
luigi,17,buggy,fail
luigi,17,fixed,fail
luigi,18,buggy,fail
luigi,18,fixed,pass
luigi,19,buggy,fail
luigi,19,fixed,pass
luigi,20,buggy,error
luigi,20,fixed,error
luigi,21,buggy,error
luigi,21,fixed,error
luigi,22,buggy,fail
luigi,22,fixed,pass
luigi,23,buggy,fail
luigi,23,fixed,pass
luigi,24,buggy,error
luigi,24,fixed,error
luigi,25,buggy,error
luigi,25,fixed,error
luigi,26,buggy,fail
luigi,26,fixed,pass
luigi,27,buggy,fail
luigi,27,fixed,pass
luigi,28,buggy,fail
luigi,28,fixed,pass
luigi,29,buggy,fail
luigi,29,fixed,pass
luigi,30,buggy,fail
luigi,30,fixed,pass
luigi,31,buggy,fail
luigi,31,fixed,pass
luigi,32,buggy,fail
luigi,32,fixed,pass
luigi,33,buggy,fail
luigi,33,fixed,pass
httpie,1,buggy,fail
httpie,1,fixed,pass
httpie,2,buggy,fail
httpie,2,fixed,pass
httpie,3,buggy,fail
httpie,3,fixed,pass
httpie,4,buggy,fail
httpie,4,fixed,pass
httpie,5,buggy,fail
httpie,5,fixed,pass
spacy,1,buggy,error
spacy,1,fixed,error
spacy,2,buggy,fail
spacy,2,fixed,pass
spacy,3,buggy,fail
spacy,3,fixed,pass
spacy,4,buggy,error
spacy,4,fixed,error
spacy,5,buggy,error
spacy,5,fixed,error
spacy,6,buggy,error
spacy,6,fixed,error
spacy,7,buggy,error
spacy,7,fixed,error
spacy,8,buggy,error
spacy,8,fixed,error
spacy,9,buggy,error
spacy,9,fixed,error
spacy,10,buggy,error
spacy,10,fixed,error
cookiecutter,1,buggy,fail
cookiecutter,1,fixed,pass
cookiecutter,2,buggy,fail
cookiecutter,2,fixed,pass
cookiecutter,3,buggy,fail
cookiecutter,3,fixed,pass
cookiecutter,4,buggy,fail
cookiecutter,4,fixed,pass
black,1,buggy,fail
black,1,fixed,fail
black,2,buggy,fail
black,2,fixed,fail
black,3,buggy,fail
black,3,fixed,fail
black,4,buggy,fail
black,4,fixed,pass
black,5,buggy,fail
black,5,fixed,pass
black,6,buggy,fail
black,6,fixed,pass
black,7,buggy,fail
black,7,fixed,pass
black,8,buggy,fail
black,8,fixed,pass
black,9,buggy,fail
black,9,fixed,pass
black,10,buggy,fail
black,10,fixed,pass
black,11,buggy,fail
black,11,fixed,pass
black,12,buggy,fail
black,12,fixed,pass
black,13,buggy,fail
black,13,fixed,pass
black,14,buggy,fail
black,14,fixed,pass
black,15,buggy,fail
black,15,fixed,pass
black,16,buggy,fail
black,16,fixed,pass
black,17,buggy,fail
black,17,fixed,pass
black,18,buggy,fail
black,18,fixed,pass
black,19,buggy,fail
black,19,fixed,pass
black,20,buggy,fail
black,20,fixed,pass
black,21,buggy,pass
black,21,fixed,pass
black,22,buggy,fail
black,22,fixed,pass
black,23,buggy,fail
black,23,fixed,pass
tqdm,1,buggy,error
tqdm,1,fixed,pass
tqdm,2,buggy,fail
tqdm,2,fixed,pass
tqdm,3,buggy,fail
tqdm,3,fixed,pass
tqdm,4,buggy,error
tqdm,4,fixed,pass
tqdm,5,buggy,fail
tqdm,5,fixed,pass
tqdm,6,buggy,fail
tqdm,6,fixed,pass
tqdm,7,buggy,fail
tqdm,7,fixed,pass
tqdm,8,buggy,fail
tqdm,8,fixed,pass
tqdm,9,buggy,fail
tqdm,9,fixed,pass
scrapy,1,buggy,fail
scrapy,1,fixed,pass
scrapy,2,buggy,fail
scrapy,2,fixed,pass
scrapy,3,buggy,fail
scrapy,3,fixed,pass
scrapy,4,buggy,fail
scrapy,4,fixed,pass
scrapy,5,buggy,fail
scrapy,5,fixed,pass
scrapy,6,buggy,fail
scrapy,6,fixed,fail
scrapy,7,buggy,fail
scrapy,7,fixed,pass
scrapy,8,buggy,fail
scrapy,8,fixed,pass
scrapy,9,buggy,fail
scrapy,9,fixed,fail
scrapy,10,buggy,fail
scrapy,10,fixed,pass
scrapy,11,buggy,fail
scrapy,11,fixed,fail
scrapy,12,buggy,fail
scrapy,12,fixed,fail
scrapy,13,buggy,fail
scrapy,13,fixed,pass
scrapy,14,buggy,fail
scrapy,14,fixed,fail
scrapy,15,buggy,fail
scrapy,15,fixed,pass
scrapy,16,buggy,fail
scrapy,16,fixed,pass
scrapy,17,buggy,fail
scrapy,17,fixed,pass
scrapy,18,buggy,fail
scrapy,18,fixed,pass
scrapy,19,buggy,fail
scrapy,19,fixed,pass
scrapy,20,buggy,fail
scrapy,20,fixed,pass
scrapy,21,buggy,fail
scrapy,21,fixed,pass
scrapy,22,buggy,fail
scrapy,22,fixed,pass
scrapy,23,buggy,fail
scrapy,23,fixed,pass
scrapy,24,buggy,fail
scrapy,24,fixed,pass
scrapy,25,buggy,fail
scrapy,25,fixed,fail
scrapy,26,buggy,fail
scrapy,26,fixed,fail
scrapy,27,buggy,fail
scrapy,27,fixed,pass
scrapy,28,buggy,fail
scrapy,28,fixed,fail
scrapy,29,buggy,fail
scrapy,29,fixed,pass
scrapy,30,buggy,fail
scrapy,30,fixed,pass
scrapy,31,buggy,fail
scrapy,31,fixed,pass
scrapy,32,buggy,fail
scrapy,32,fixed,pass
scrapy,33,buggy,fail
scrapy,33,fixed,fail
scrapy,34,buggy,fail
scrapy,34,fixed,pass
scrapy,35,buggy,fail
scrapy,35,fixed,pass
scrapy,36,buggy,fail
scrapy,36,fixed,pass
scrapy,37,buggy,fail
scrapy,37,fixed,pass
scrapy,38,buggy,fail
scrapy,38,fixed,fail
scrapy,39,buggy,fail
scrapy,39,fixed,pass
scrapy,40,buggy,fail
scrapy,40,fixed,pass
thefuck,1,buggy,fail
thefuck,1,fixed,pass
thefuck,2,buggy,fail
thefuck,2,fixed,pass
thefuck,3,buggy,fail
thefuck,3,fixed,pass
thefuck,4,buggy,fail
thefuck,4,fixed,pass
thefuck,5,buggy,fail
thefuck,5,fixed,pass
thefuck,6,buggy,fail
thefuck,6,fixed,pass
thefuck,7,buggy,fail
thefuck,7,fixed,pass
thefuck,8,buggy,fail
thefuck,8,fixed,pass
thefuck,9,buggy,fail
thefuck,9,fixed,pass
thefuck,10,buggy,fail
thefuck,10,fixed,pass
thefuck,11,buggy,fail
thefuck,11,fixed,fail
thefuck,12,buggy,error
thefuck,12,fixed,pass
thefuck,13,buggy,fail
thefuck,13,fixed,pass
thefuck,14,buggy,fail
thefuck,14,fixed,pass
thefuck,15,buggy,fail
thefuck,15,fixed,pass
thefuck,16,buggy,fail
thefuck,16,fixed,pass
thefuck,17,buggy,fail
thefuck,17,fixed,pass
thefuck,18,buggy,fail
thefuck,18,fixed,pass
thefuck,19,buggy,fail
thefuck,19,fixed,pass
thefuck,20,buggy,fail
thefuck,20,fixed,pass
thefuck,21,buggy,fail
thefuck,21,fixed,pass
thefuck,22,buggy,fail
thefuck,22,fixed,pass
thefuck,23,buggy,fail
thefuck,23,fixed,pass
thefuck,24,buggy,fail
thefuck,24,fixed,pass
thefuck,25,buggy,fail
thefuck,25,fixed,pass
thefuck,26,buggy,fail
thefuck,26,fixed,pass
thefuck,27,buggy,fail
thefuck,27,fixed,pass
thefuck,28,buggy,fail
thefuck,28,fixed,pass
thefuck,29,buggy,fail
thefuck,29,fixed,pass
thefuck,30,buggy,error
thefuck,30,fixed,pass
thefuck,31,buggy,fail
thefuck,31,fixed,pass
thefuck,32,buggy,fail
thefuck,32,fixed,pass
matplotlib,1,buggy,fail
matplotlib,1,fixed,pass
matplotlib,2,buggy,fail
matplotlib,2,fixed,pass
matplotlib,3,buggy,fail
matplotlib,3,fixed,pass
matplotlib,4,buggy,fail
matplotlib,4,fixed,pass
matplotlib,5,buggy,fail
matplotlib,5,fixed,pass
matplotlib,6,buggy,fail
matplotlib,6,fixed,pass
matplotlib,7,buggy,fail
matplotlib,7,fixed,pass
matplotlib,8,buggy,fail
matplotlib,8,fixed,pass
matplotlib,9,buggy,fail
matplotlib,9,fixed,pass
matplotlib,10,buggy,fail
matplotlib,10,fixed,pass
matplotlib,11,buggy,fail
matplotlib,11,fixed,pass
matplotlib,12,buggy,fail
matplotlib,12,fixed,pass
matplotlib,13,buggy,fail
matplotlib,13,fixed,pass
matplotlib,14,buggy,fail
matplotlib,14,fixed,pass
matplotlib,15,buggy,fail
matplotlib,15,fixed,pass
matplotlib,16,buggy,fail
matplotlib,16,fixed,pass
matplotlib,17,buggy,fail
matplotlib,17,fixed,pass
matplotlib,18,buggy,fail
matplotlib,18,fixed,fail
matplotlib,19,buggy,fail
matplotlib,19,fixed,pass
matplotlib,20,buggy,fail
matplotlib,20,fixed,pass
matplotlib,21,buggy,fail
matplotlib,21,fixed,pass
matplotlib,22,buggy,fail
matplotlib,22,fixed,pass
matplotlib,23,buggy,fail
matplotlib,23,fixed,pass
matplotlib,24,buggy,fail
matplotlib,24,fixed,pass
matplotlib,25,buggy,fail
matplotlib,25,fixed,pass
matplotlib,26,buggy,error
matplotlib,26,fixed,error
matplotlib,27,buggy,error
matplotlib,27,fixed,error
matplotlib,28,buggy,error
matplotlib,28,fixed,error
matplotlib,29,buggy,fail
matplotlib,29,fixed,pass
matplotlib,30,buggy,fail
matplotlib,30,fixed,pass
keras,1,buggy,fail
keras,1,fixed,pass
keras,2,buggy,fail
keras,2,fixed,pass
keras,3,buggy,fail
keras,3,fixed,pass
keras,4,buggy,fail
keras,4,fixed,pass
keras,5,buggy,error
keras,5,fixed,pass
keras,6,buggy,fail
keras,6,fixed,pass
keras,7,buggy,fail
keras,7,fixed,pass
keras,8,buggy,fail
keras,8,fixed,pass
keras,9,buggy,fail
keras,9,fixed,pass
keras,10,buggy,fail
keras,10,fixed,pass
keras,11,buggy,fail
keras,11,fixed,pass
keras,12,buggy,pass
keras,12,fixed,pass
keras,13,buggy,fail
keras,13,fixed,pass
keras,14,buggy,error
keras,14,fixed,error
keras,15,buggy,pass
keras,15,fixed,pass
keras,16,buggy,fail
keras,16,fixed,pass
keras,17,buggy,fail
keras,17,fixed,pass
keras,18,buggy,fail
keras,18,fixed,pass
keras,19,buggy,fail
keras,19,fixed,pass
keras,20,buggy,fail
keras,20,fixed,pass
keras,21,buggy,error
keras,21,fixed,error
keras,22,buggy,error
keras,22,fixed,error
keras,23,buggy,error
keras,23,fixed,error
keras,24,buggy,fail
keras,24,fixed,pass
keras,25,buggy,fail
keras,25,fixed,pass
keras,26,buggy,fail
keras,26,fixed,pass
keras,27,buggy,fail
keras,27,fixed,pass
keras,28,buggy,fail
keras,28,fixed,pass
keras,29,buggy,fail
keras,29,fixed,pass
keras,30,buggy,fail
keras,30,fixed,pass
keras,31,buggy,fail
keras,31,fixed,pass
keras,32,buggy,fail
keras,32,fixed,pass
keras,33,buggy,fail
keras,33,fixed,pass
keras,34,buggy,fail
keras,34,fixed,pass
keras,35,buggy,fail
keras,35,fixed,pass
keras,36,buggy,fail
keras,36,fixed,pass
keras,37,buggy,fail
keras,37,fixed,pass
keras,38,buggy,fail
keras,38,fixed,pass
keras,39,buggy,fail
keras,39,fixed,pass
keras,40,buggy,fail
keras,40,fixed,pass
keras,41,buggy,fail
keras,41,fixed,pass
keras,42,buggy,fail
keras,42,fixed,pass
keras,43,buggy,fail
keras,43,fixed,pass
keras,44,buggy,fail
keras,44,fixed,pass
keras,45,buggy,fail
keras,45,fixed,pass
sanic,1,buggy,error
sanic,1,fixed,pass
sanic,2,buggy,pass
sanic,2,fixed,pass
sanic,3,buggy,fail
sanic,3,fixed,pass
sanic,4,buggy,fail
sanic,4,fixed,pass
sanic,5,buggy,fail
sanic,5,fixed,pass
PySnooper,1,buggy,pass
PySnooper,1,fixed,pass
PySnooper,2,buggy,error
PySnooper,2,fixed,error
PySnooper,3,buggy,fail
PySnooper,3,fixed,pass
ansible,1,buggy,fail
ansible,1,fixed,pass
ansible,2,buggy,fail
ansible,2,fixed,pass
ansible,3,buggy,fail
ansible,3,fixed,pass
ansible,4,buggy,fail
ansible,4,fixed,pass
ansible,5,buggy,fail
ansible,5,fixed,pass
ansible,6,buggy,fail
ansible,6,fixed,fail
ansible,7,buggy,error
ansible,7,fixed,error
ansible,8,buggy,pass
ansible,8,fixed,pass
ansible,9,buggy,error
ansible,9,fixed,error
ansible,10,buggy,error
ansible,10,fixed,error
ansible,11,buggy,error
ansible,11,fixed,error
ansible,12,buggy,pass
ansible,12,fixed,pass
ansible,13,buggy,pass
ansible,13,fixed,pass
ansible,14,buggy,fail
ansible,14,fixed,pass
ansible,15,buggy,fail
ansible,15,fixed,pass
ansible,16,buggy,fail
ansible,16,fixed,pass
ansible,17,buggy,fail
ansible,17,fixed,pass
ansible,18,buggy,fail
ansible,18,fixed,pass
tornado,1,buggy,fail
tornado,1,fixed,pass
tornado,2,buggy,fail
tornado,2,fixed,pass
tornado,3,buggy,fail
tornado,3,fixed,pass
tornado,4,buggy,fail
tornado,4,fixed,pass
tornado,5,buggy,fail
tornado,5,fixed,pass
tornado,6,buggy,fail
tornado,6,fixed,pass
tornado,7,buggy,fail
tornado,7,fixed,pass
tornado,8,buggy,fail
tornado,8,fixed,pass
tornado,9,buggy,fail
tornado,9,fixed,pass
tornado,10,buggy,fail
tornado,10,fixed,pass
tornado,11,buggy,fail
tornado,11,fixed,pass
tornado,12,buggy,fail
tornado,12,fixed,pass
tornado,13,buggy,fail
tornado,13,fixed,pass
tornado,14,buggy,fail
tornado,14,fixed,pass
tornado,15,buggy,fail
tornado,15,fixed,pass
tornado,16,buggy,fail
tornado,16,fixed,pass
fastapi,1,buggy,fail
fastapi,1,fixed,pass
fastapi,2,buggy,fail
fastapi,2,fixed,pass
fastapi,3,buggy,fail
fastapi,3,fixed,pass
fastapi,4,buggy,fail
fastapi,4,fixed,pass
fastapi,5,buggy,fail
fastapi,5,fixed,pass
fastapi,6,buggy,fail
fastapi,6,fixed,pass
fastapi,7,buggy,fail
fastapi,7,fixed,pass
fastapi,8,buggy,fail
fastapi,8,fixed,pass
fastapi,9,buggy,fail
fastapi,9,fixed,pass
fastapi,10,buggy,fail
fastapi,10,fixed,pass
fastapi,11,buggy,fail
fastapi,11,fixed,pass
fastapi,12,buggy,fail
fastapi,12,fixed,pass
fastapi,13,buggy,fail
fastapi,13,fixed,pass
fastapi,14,buggy,fail
fastapi,14,fixed,pass
fastapi,15,buggy,fail
fastapi,15,fixed,pass
fastapi,16,buggy,fail
fastapi,16,fixed,pass
pandas,1,buggy,fail
pandas,1,fixed,pass
pandas,2,buggy,fail
pandas,2,fixed,pass
pandas,3,buggy,fail
pandas,3,fixed,pass
pandas,4,buggy,fail
pandas,4,fixed,pass
pandas,5,buggy,fail
pandas,5,fixed,fail
pandas,6,buggy,fail
pandas,6,fixed,pass
pandas,7,buggy,fail
pandas,7,fixed,pass
pandas,8,buggy,fail
pandas,8,fixed,pass
pandas,9,buggy,fail
pandas,9,fixed,pass
pandas,10,buggy,fail
pandas,10,fixed,pass
pandas,11,buggy,fail
pandas,11,fixed,pass
pandas,12,buggy,fail
pandas,12,fixed,pass
pandas,13,buggy,fail
pandas,13,fixed,pass
pandas,14,buggy,error
pandas,14,fixed,pass
pandas,15,buggy,fail
pandas,15,fixed,error
pandas,16,buggy,fail
pandas,16,fixed,pass
pandas,17,buggy,fail
pandas,17,fixed,error
pandas,18,buggy,fail
pandas,18,fixed,pass
pandas,19,buggy,fail
pandas,19,fixed,pass
pandas,20,buggy,fail
pandas,20,fixed,pass
pandas,21,buggy,fail
pandas,21,fixed,pass
pandas,22,buggy,fail
pandas,22,fixed,pass
pandas,23,buggy,fail
pandas,23,fixed,pass
pandas,24,buggy,fail
pandas,24,fixed,pass
pandas,25,buggy,fail
pandas,25,fixed,pass
pandas,26,buggy,fail
pandas,26,fixed,pass
pandas,27,buggy,fail
pandas,27,fixed,pass
pandas,28,buggy,fail
pandas,28,fixed,pass
pandas,29,buggy,fail
pandas,29,fixed,pass
pandas,30,buggy,fail
pandas,30,fixed,pass
pandas,31,buggy,fail
pandas,31,fixed,pass
pandas,32,buggy,fail
pandas,32,fixed,pass
pandas,33,buggy,fail
pandas,33,fixed,pass
pandas,34,buggy,fail
pandas,34,fixed,pass
pandas,35,buggy,fail
pandas,35,fixed,pass
pandas,36,buggy,fail
pandas,36,fixed,pass
pandas,37,buggy,fail
pandas,37,fixed,pass
pandas,38,buggy,fail
pandas,38,fixed,pass
pandas,39,buggy,fail
pandas,39,fixed,pass
pandas,40,buggy,fail
pandas,40,fixed,pass
pandas,41,buggy,fail
pandas,41,fixed,pass
pandas,42,buggy,fail
pandas,42,fixed,pass
pandas,43,buggy,fail
pandas,43,fixed,pass
pandas,44,buggy,fail
pandas,44,fixed,pass
pandas,45,buggy,fail
pandas,45,fixed,pass
pandas,46,buggy,fail
pandas,46,fixed,pass
pandas,47,buggy,fail
pandas,47,fixed,pass
pandas,48,buggy,fail
pandas,48,fixed,pass
pandas,49,buggy,fail
pandas,49,fixed,pass
pandas,50,buggy,fail
pandas,50,fixed,pass
pandas,51,buggy,fail
pandas,51,fixed,pass
pandas,52,buggy,fail
pandas,52,fixed,pass
pandas,53,buggy,fail
pandas,53,fixed,pass
pandas,54,buggy,fail
pandas,54,fixed,pass
pandas,55,buggy,fail
pandas,55,fixed,pass
pandas,56,buggy,fail
pandas,56,fixed,pass
pandas,57,buggy,fail
pandas,57,fixed,pass
pandas,58,buggy,fail
pandas,58,fixed,pass
pandas,59,buggy,fail
pandas,59,fixed,pass
pandas,60,buggy,fail
pandas,60,fixed,pass
pandas,61,buggy,fail
pandas,61,fixed,pass
pandas,62,buggy,fail
pandas,62,fixed,pass
pandas,63,buggy,fail
pandas,63,fixed,pass
pandas,64,buggy,fail
pandas,64,fixed,pass
pandas,65,buggy,fail
pandas,65,fixed,pass
pandas,66,buggy,fail
pandas,66,fixed,pass
pandas,67,buggy,fail
pandas,67,fixed,pass
pandas,68,buggy,fail
pandas,68,fixed,pass
pandas,69,buggy,fail
pandas,69,fixed,pass
pandas,70,buggy,fail
pandas,70,fixed,pass
pandas,71,buggy,fail
pandas,71,fixed,pass
pandas,72,buggy,fail
pandas,72,fixed,pass
pandas,73,buggy,fail
pandas,73,fixed,pass
pandas,74,buggy,fail
pandas,74,fixed,pass
pandas,75,buggy,fail
pandas,75,fixed,pass
pandas,76,buggy,fail
pandas,76,fixed,pass
pandas,77,buggy,fail
pandas,77,fixed,pass
pandas,78,buggy,fail
pandas,78,fixed,pass
pandas,79,buggy,fail
pandas,79,fixed,pass
pandas,80,buggy,fail
pandas,80,fixed,pass
pandas,81,buggy,fail
pandas,81,fixed,pass
pandas,82,buggy,fail
pandas,82,fixed,pass
pandas,83,buggy,fail
pandas,83,fixed,pass
pandas,84,buggy,fail
pandas,84,fixed,pass
pandas,85,buggy,fail
pandas,85,fixed,pass
pandas,86,buggy,fail
pandas,86,fixed,pass
pandas,87,buggy,fail
pandas,87,fixed,pass
pandas,88,buggy,fail
pandas,88,fixed,pass
pandas,89,buggy,fail
pandas,89,fixed,pass
pandas,90,buggy,fail
pandas,90,fixed,pass
pandas,91,buggy,fail
pandas,91,fixed,pass
pandas,92,buggy,fail
pandas,92,fixed,pass
pandas,93,buggy,fail
pandas,93,fixed,error
pandas,94,buggy,fail
pandas,94,fixed,pass
pandas,95,buggy,fail
pandas,95,fixed,pass
pandas,96,buggy,fail
pandas,96,fixed,pass
pandas,97,buggy,fail
pandas,97,fixed,pass
pandas,98,buggy,fail
pandas,98,fixed,pass
pandas,99,buggy,fail
pandas,99,fixed,pass
pandas,100,buggy,fail
pandas,100,fixed,pass
pandas,101,buggy,fail
pandas,101,fixed,pass
pandas,102,buggy,fail
pandas,102,fixed,pass
pandas,103,buggy,fail
pandas,103,fixed,pass
pandas,104,buggy,fail
pandas,104,fixed,pass
pandas,105,buggy,fail
pandas,105,fixed,pass
pandas,106,buggy,fail
pandas,106,fixed,pass
pandas,107,buggy,fail
pandas,107,fixed,pass
pandas,108,buggy,fail
pandas,108,fixed,pass
pandas,109,buggy,fail
pandas,109,fixed,pass
pandas,110,buggy,fail
pandas,110,fixed,pass
pandas,111,buggy,fail
pandas,111,fixed,pass
pandas,112,buggy,fail
pandas,112,fixed,pass
pandas,113,buggy,error
pandas,113,fixed,pass
pandas,114,buggy,fail
pandas,114,fixed,pass
pandas,115,buggy,fail
pandas,115,fixed,pass
pandas,116,buggy,fail
pandas,116,fixed,pass
pandas,117,buggy,fail
pandas,117,fixed,pass
pandas,118,buggy,fail
pandas,118,fixed,pass
pandas,119,buggy,fail
pandas,119,fixed,pass
pandas,120,buggy,fail
pandas,120,fixed,pass
pandas,121,buggy,fail
pandas,121,fixed,pass
pandas,122,buggy,fail
pandas,122,fixed,pass
pandas,123,buggy,fail
pandas,123,fixed,pass
pandas,124,buggy,fail
pandas,124,fixed,pass
pandas,125,buggy,fail
pandas,125,fixed,pass
pandas,126,buggy,fail
pandas,126,fixed,pass
pandas,127,buggy,fail
pandas,127,fixed,pass
pandas,128,buggy,fail
pandas,128,fixed,pass
pandas,129,buggy,fail
pandas,129,fixed,pass
pandas,130,buggy,fail
pandas,130,fixed,pass
pandas,131,buggy,fail
pandas,131,fixed,pass
pandas,132,buggy,fail
pandas,132,fixed,pass
pandas,133,buggy,fail
pandas,133,fixed,pass
pandas,134,buggy,fail
pandas,134,fixed,pass
pandas,135,buggy,fail
pandas,135,fixed,pass
pandas,136,buggy,fail
pandas,136,fixed,pass
pandas,137,buggy,fail
pandas,137,fixed,pass
pandas,138,buggy,fail
pandas,138,fixed,pass
pandas,139,buggy,fail
pandas,139,fixed,pass
pandas,140,buggy,fail
pandas,140,fixed,pass
pandas,141,buggy,fail
pandas,141,fixed,pass
pandas,142,buggy,fail
pandas,142,fixed,pass
pandas,143,buggy,fail
pandas,143,fixed,pass
pandas,144,buggy,fail
pandas,144,fixed,pass
pandas,145,buggy,fail
pandas,145,fixed,pass
pandas,146,buggy,fail
pandas,146,fixed,pass
pandas,147,buggy,fail
pandas,147,fixed,pass
pandas,148,buggy,fail
pandas,148,fixed,pass
pandas,149,buggy,error
pandas,149,fixed,error
pandas,150,buggy,fail
pandas,150,fixed,pass
pandas,151,buggy,fail
pandas,151,fixed,pass
pandas,152,buggy,fail
pandas,152,fixed,pass
pandas,153,buggy,fail
pandas,153,fixed,pass
pandas,154,buggy,fail
pandas,154,fixed,pass
pandas,155,buggy,fail
pandas,155,fixed,pass
pandas,156,buggy,fail
pandas,156,fixed,pass
pandas,157,buggy,fail
pandas,157,fixed,pass
pandas,158,buggy,fail
pandas,158,fixed,pass
pandas,159,buggy,fail
pandas,159,fixed,pass
pandas,160,buggy,fail
pandas,160,fixed,pass
pandas,161,buggy,fail
pandas,161,fixed,pass
pandas,162,buggy,fail
pandas,162,fixed,pass
pandas,163,buggy,fail
pandas,163,fixed,pass
pandas,164,buggy,fail
pandas,164,fixed,pass
pandas,165,buggy,fail
pandas,165,fixed,pass
pandas,166,buggy,fail
pandas,166,fixed,pass
pandas,167,buggy,fail
pandas,167,fixed,pass
pandas,168,buggy,fail
pandas,168,fixed,pass
pandas,169,buggy,fail
pandas,169,fixed,pass
youtube-dl,1,buggy,fail
youtube-dl,1,fixed,pass
youtube-dl,2,buggy,fail
youtube-dl,2,fixed,pass
youtube-dl,3,buggy,fail
youtube-dl,3,fixed,pass
youtube-dl,4,buggy,fail
youtube-dl,4,fixed,pass
youtube-dl,5,buggy,fail
youtube-dl,5,fixed,pass
youtube-dl,6,buggy,fail
youtube-dl,6,fixed,pass
youtube-dl,7,buggy,fail
youtube-dl,7,fixed,pass
youtube-dl,8,buggy,fail
youtube-dl,8,fixed,pass
youtube-dl,9,buggy,fail
youtube-dl,9,fixed,pass
youtube-dl,10,buggy,fail
youtube-dl,10,fixed,pass
youtube-dl,11,buggy,fail
youtube-dl,11,fixed,pass
youtube-dl,12,buggy,fail
youtube-dl,12,fixed,pass
youtube-dl,13,buggy,fail
youtube-dl,13,fixed,pass
youtube-dl,14,buggy,fail
youtube-dl,14,fixed,pass
youtube-dl,15,buggy,fail
youtube-dl,15,fixed,pass
youtube-dl,16,buggy,fail
youtube-dl,16,fixed,pass
youtube-dl,17,buggy,fail
youtube-dl,17,fixed,pass
youtube-dl,18,buggy,fail
youtube-dl,18,fixed,pass
youtube-dl,19,buggy,fail
youtube-dl,19,fixed,pass
youtube-dl,20,buggy,fail
youtube-dl,20,fixed,pass
youtube-dl,21,buggy,fail
youtube-dl,21,fixed,pass
youtube-dl,22,buggy,fail
youtube-dl,22,fixed,pass
youtube-dl,23,buggy,fail
youtube-dl,23,fixed,pass
youtube-dl,24,buggy,fail
youtube-dl,24,fixed,pass
youtube-dl,25,buggy,fail
youtube-dl,25,fixed,pass
youtube-dl,26,buggy,fail
youtube-dl,26,fixed,pass
youtube-dl,27,buggy,fail
youtube-dl,27,fixed,pass
youtube-dl,28,buggy,fail
youtube-dl,28,fixed,pass
youtube-dl,29,buggy,fail
youtube-dl,29,fixed,pass
youtube-dl,30,buggy,fail
youtube-dl,30,fixed,pass
youtube-dl,31,buggy,fail
youtube-dl,31,fixed,pass
youtube-dl,32,buggy,fail
youtube-dl,32,fixed,pass
youtube-dl,33,buggy,fail
youtube-dl,33,fixed,pass
youtube-dl,34,buggy,fail
youtube-dl,34,fixed,pass
youtube-dl,35,buggy,fail
youtube-dl,35,fixed,pass
youtube-dl,36,buggy,fail
youtube-dl,36,fixed,pass
youtube-dl,37,buggy,fail
youtube-dl,37,fixed,pass
youtube-dl,38,buggy,fail
youtube-dl,38,fixed,pass
youtube-dl,39,buggy,fail
youtube-dl,39,fixed,pass
youtube-dl,40,buggy,fail
youtube-dl,40,fixed,pass
youtube-dl,41,buggy,fail
youtube-dl,41,fixed,pass
youtube-dl,42,buggy,fail
youtube-dl,42,fixed,pass
youtube-dl,43,buggy,fail
youtube-dl,43,fixed,pass