Bug,Repeat No.,Exists,Accurate_S,Misleading_S,Concise_S,Useful_S,Accurate_G,Misleading_G,Concise_G,Useful_G,beego,equivalent,Acc_same,Mis_same,Con_same,Use_same,Accurate_Final,Misleading_Final,Concise_Final,Useful_Final,Precise,Misleading,Concise,Useful,Pure Precise
Closure_41,1,TRUE,FALSE,FALSE,FALSE,FALSE,FALSE,FALSE,FALSE,FALSE,,TRUE,TRUE,TRUE,TRUE,TRUE,,,,,FALSE,FALSE,FALSE,FALSE,FALSE
Closure_41,2,FALSE,,,,,,,,,,TRUE,TRUE,TRUE,TRUE,TRUE,,,,,,,,,FALSE
Closure_41,3,TRUE,FALSE,FALSE,FALSE,FALSE,FALSE,FALSE,FALSE,FALSE,,TRUE,TRUE,TRUE,TRUE,TRUE,,,,,FALSE,FALSE,FALSE,FALSE,FALSE
Closure_41,4,FALSE,,,,,,,,,,TRUE,TRUE,TRUE,TRUE,TRUE,,,,,,,,,FALSE
Closure_41,5,TRUE,FALSE,TRUE,FALSE,FALSE,FALSE,TRUE,FALSE,FALSE,,TRUE,TRUE,TRUE,TRUE,TRUE,,,,,FALSE,TRUE,FALSE,FALSE,FALSE
Closure_82,1,FALSE,,,,,,,,,,TRUE,TRUE,TRUE,TRUE,TRUE,,,,,,,,,FALSE
Closure_82,2,TRUE,FALSE,TRUE,FALSE,FALSE,TRUE,TRUE,FALSE,FALSE,,FALSE,FALSE,TRUE,TRUE,TRUE,FALSE,,,,FALSE,TRUE,FALSE,FALSE,FALSE
Closure_82,3,TRUE,FALSE,FALSE,FALSE,FALSE,FALSE,FALSE,FALSE,FALSE,,TRUE,TRUE,TRUE,TRUE,TRUE,,,,,FALSE,FALSE,FALSE,FALSE,FALSE
Closure_82,4,TRUE,TRUE,FALSE,TRUE,FALSE,TRUE,FALSE,TRUE,TRUE,the implementation of the LEAST_FUNCTION_TYPE.isEmptyType() method in the com.google.javascript.rhino.jstype.JSType class should be modified to correctly handle the LEAST_FUNCTION_TYPE as an empty type.,FALSE,TRUE,TRUE,TRUE,FALSE,,,,TRUE,TRUE,FALSE,TRUE,TRUE,TRUE
Closure_82,5,TRUE,FALSE,FALSE,FALSE,FALSE,FALSE,TRUE,FALSE,FALSE,,FALSE,TRUE,FALSE,TRUE,TRUE,,TRUE,,,FALSE,TRUE,FALSE,FALSE,FALSE
Lang_32,1,TRUE,FALSE,FALSE,FALSE,FALSE,FALSE,FALSE,FALSE,FALSE,,TRUE,TRUE,TRUE,TRUE,TRUE,,,,,FALSE,FALSE,FALSE,FALSE,FALSE
Lang_32,2,TRUE,FALSE,TRUE,FALSE,FALSE,FALSE,TRUE,FALSE,FALSE,,TRUE,TRUE,TRUE,TRUE,TRUE,,,,,FALSE,TRUE,FALSE,FALSE,FALSE
Lang_32,3,TRUE,FALSE,FALSE,FALSE,FALSE,FALSE,FALSE,FALSE,FALSE,,TRUE,TRUE,TRUE,TRUE,TRUE,,,,,FALSE,FALSE,FALSE,FALSE,FALSE
Lang_32,4,TRUE,TRUE,TRUE,FALSE,FALSE,TRUE,TRUE,FALSE,FALSE,Initial value를 수정하는 대신 getRegistry를 수정하면 되는것도 맞긴해보임. 나머지는 부수적인 수정들이라..,TRUE,TRUE,TRUE,TRUE,TRUE,,,,,TRUE,TRUE,FALSE,FALSE,FALSE
Lang_32,5,TRUE,FALSE,TRUE,FALSE,FALSE,FALSE,TRUE,FALSE,FALSE,,TRUE,TRUE,TRUE,TRUE,TRUE,,,,,FALSE,TRUE,FALSE,FALSE,FALSE
Closure_84,1,TRUE,FALSE,FALSE,FALSE,FALSE,FALSE,FALSE,FALSE,FALSE,,TRUE,TRUE,TRUE,TRUE,TRUE,,,,,FALSE,FALSE,FALSE,FALSE,FALSE
Closure_84,2,TRUE,TRUE,FALSE,FALSE,FALSE,TRUE,FALSE,FALSE,FALSE,틀린말은 아닌데 너무 vague함 (class-level FL worked),TRUE,TRUE,TRUE,TRUE,TRUE,,,,,TRUE,FALSE,FALSE,FALSE,TRUE
Closure_84,3,TRUE,FALSE,TRUE,FALSE,FALSE,FALSE,TRUE,FALSE,FALSE,,TRUE,TRUE,TRUE,TRUE,TRUE,,,,,FALSE,TRUE,FALSE,FALSE,FALSE
Closure_84,4,TRUE,FALSE,FALSE,FALSE,FALSE,FALSE,FALSE,FALSE,FALSE,,TRUE,TRUE,TRUE,TRUE,TRUE,,,,,FALSE,FALSE,FALSE,FALSE,FALSE
Closure_84,5,TRUE,TRUE,TRUE,FALSE,FALSE,FALSE,TRUE,FALSE,FALSE,,FALSE,FALSE,TRUE,TRUE,TRUE,FALSE,,,,FALSE,TRUE,FALSE,FALSE,FALSE
Math_24,1,TRUE,FALSE,FALSE,FALSE,FALSE,FALSE,FALSE,FALSE,FALSE,,TRUE,TRUE,TRUE,TRUE,TRUE,,,,,FALSE,FALSE,FALSE,FALSE,FALSE
Math_24,2,FALSE,,,,,,,,,,TRUE,TRUE,TRUE,TRUE,TRUE,,,,,,,,,FALSE
Math_24,3,TRUE,FALSE,FALSE,FALSE,FALSE,TRUE,FALSE,FALSE,FALSE,,FALSE,FALSE,TRUE,TRUE,TRUE,FALSE,,,,FALSE,FALSE,FALSE,FALSE,FALSE
Math_24,4,FALSE,,,,,,,,,,TRUE,TRUE,TRUE,TRUE,TRUE,,,,,,,,,FALSE
Math_24,5,TRUE,FALSE,FALSE,FALSE,FALSE,FALSE,FALSE,FALSE,FALSE,,TRUE,TRUE,TRUE,TRUE,TRUE,,,,,FALSE,FALSE,FALSE,FALSE,FALSE
Math_78,1,FALSE,,,,,,,,,,TRUE,TRUE,TRUE,TRUE,TRUE,,,,,,,,,FALSE
Math_78,2,TRUE,FALSE,FALSE,FALSE,FALSE,FALSE,FALSE,FALSE,FALSE,,TRUE,TRUE,TRUE,TRUE,TRUE,,,,,FALSE,FALSE,FALSE,FALSE,FALSE
Math_78,3,FALSE,,,,,,,,,,TRUE,TRUE,TRUE,TRUE,TRUE,,,,,,,,,FALSE
Math_78,4,FALSE,,,,,,,,,,TRUE,TRUE,TRUE,TRUE,TRUE,,,,,,,,,FALSE
Math_78,5,TRUE,TRUE,FALSE,TRUE,TRUE,TRUE,FALSE,TRUE,TRUE,if (ga * gb > 0) {,TRUE,TRUE,TRUE,TRUE,TRUE,,,,,TRUE,FALSE,TRUE,TRUE,TRUE
Math_99,1,TRUE,TRUE,FALSE,TRUE,TRUE,TRUE,FALSE,TRUE,FALSE,,FALSE,TRUE,TRUE,TRUE,FALSE,,,,TRUE,TRUE,FALSE,TRUE,TRUE,TRUE
Math_99,2,TRUE,FALSE,FALSE,FALSE,FALSE,FALSE,FALSE,FALSE,FALSE,,TRUE,TRUE,TRUE,TRUE,TRUE,,,,,FALSE,FALSE,FALSE,FALSE,FALSE
Math_99,3,TRUE,FALSE,FALSE,FALSE,FALSE,FALSE,FALSE,FALSE,FALSE,,TRUE,TRUE,TRUE,TRUE,TRUE,,,,,FALSE,FALSE,FALSE,FALSE,FALSE
Math_99,4,TRUE,TRUE,FALSE,TRUE,TRUE,FALSE,TRUE,FALSE,FALSE,,FALSE,FALSE,FALSE,FALSE,FALSE,TRUE,TRUE,TRUE,TRUE,TRUE,TRUE,TRUE,TRUE,FALSE
Math_99,5,TRUE,FALSE,FALSE,FALSE,FALSE,FALSE,FALSE,FALSE,FALSE,,TRUE,TRUE,TRUE,TRUE,TRUE,,,,,FALSE,FALSE,FALSE,FALSE,FALSE
Closure_27,1,TRUE,TRUE,FALSE,TRUE,TRUE,TRUE,FALSE,FALSE,FALSE,Please note that the suggested fix assumes some details about the method's functionality and expected behavior. Actual changes to the method may vary depending on specific requirements and implementation details.,FALSE,TRUE,TRUE,FALSE,FALSE,,,FALSE,FALSE,TRUE,FALSE,FALSE,FALSE,TRUE
Closure_27,2,TRUE,FALSE,TRUE,FALSE,FALSE,FALSE,FALSE,FALSE,FALSE,,FALSE,TRUE,FALSE,TRUE,TRUE,,FALSE,,,FALSE,FALSE,FALSE,FALSE,FALSE
Closure_27,3,TRUE,FALSE,TRUE,FALSE,FALSE,FALSE,TRUE,FALSE,FALSE,,TRUE,TRUE,TRUE,TRUE,TRUE,,,,,FALSE,TRUE,FALSE,FALSE,FALSE
Closure_27,4,TRUE,FALSE,FALSE,FALSE,FALSE,TRUE,FALSE,FALSE,FALSE,틀린말은 아닌데 vague함,FALSE,FALSE,TRUE,TRUE,TRUE,FALSE,,,,FALSE,FALSE,FALSE,FALSE,FALSE
Closure_27,5,TRUE,FALSE,FALSE,FALSE,FALSE,TRUE,FALSE,TRUE,TRUE,Fix가 좀 다를뿐 맞는 얘기임 (blockUnchecked),FALSE,FALSE,TRUE,FALSE,FALSE,TRUE,,TRUE,TRUE,TRUE,FALSE,TRUE,TRUE,TRUE
Closure_38,1,TRUE,FALSE,FALSE,FALSE,FALSE,FALSE,FALSE,FALSE,FALSE,,TRUE,TRUE,TRUE,TRUE,TRUE,,,,,FALSE,FALSE,FALSE,FALSE,FALSE
Closure_38,2,TRUE,FALSE,FALSE,FALSE,FALSE,FALSE,TRUE,FALSE,FALSE,,FALSE,TRUE,FALSE,TRUE,TRUE,,TRUE,,,FALSE,TRUE,FALSE,FALSE,FALSE
Closure_38,3,TRUE,TRUE,FALSE,TRUE,FALSE,FALSE,TRUE,FALSE,FALSE,,FALSE,FALSE,FALSE,FALSE,TRUE,TRUE,TRUE,FALSE,,TRUE,TRUE,FALSE,FALSE,FALSE
Closure_38,4,TRUE,FALSE,FALSE,FALSE,FALSE,FALSE,TRUE,FALSE,FALSE,,FALSE,TRUE,FALSE,TRUE,TRUE,,FALSE,,,FALSE,FALSE,FALSE,FALSE,FALSE
Closure_38,5,TRUE,FALSE,TRUE,FALSE,FALSE,FALSE,TRUE,FALSE,FALSE,,TRUE,TRUE,TRUE,TRUE,TRUE,,,,,FALSE,TRUE,FALSE,FALSE,FALSE
Math_45,1,TRUE,FALSE,FALSE,FALSE,FALSE,FALSE,FALSE,FALSE,FALSE,,TRUE,TRUE,TRUE,TRUE,TRUE,,,,,FALSE,FALSE,FALSE,FALSE,FALSE
Math_45,2,TRUE,TRUE,FALSE,TRUE,TRUE,TRUE,FALSE,TRUE,TRUE,,TRUE,TRUE,TRUE,TRUE,TRUE,,,,,TRUE,FALSE,TRUE,TRUE,TRUE
Math_45,3,TRUE,TRUE,FALSE,TRUE,TRUE,TRUE,FALSE,TRUE,TRUE,Modify the OpenMapRealMatrix constructor to throw a NumberIsTooLargeException when the provided dimensions are too large.,TRUE,TRUE,TRUE,TRUE,TRUE,,,,,TRUE,FALSE,TRUE,TRUE,TRUE
Math_45,4,TRUE,FALSE,FALSE,FALSE,FALSE,FALSE,FALSE,FALSE,FALSE,,TRUE,TRUE,TRUE,TRUE,TRUE,,,,,FALSE,FALSE,FALSE,FALSE,FALSE
Math_45,5,TRUE,TRUE,FALSE,TRUE,TRUE,TRUE,FALSE,TRUE,TRUE,,TRUE,TRUE,TRUE,TRUE,TRUE,,,,,TRUE,FALSE,TRUE,TRUE,TRUE
Time_27,1,FALSE,,,,,,,,,,TRUE,TRUE,TRUE,TRUE,TRUE,,,,,,,,,FALSE
Time_27,2,FALSE,,,,,,,,,,TRUE,TRUE,TRUE,TRUE,TRUE,,,,,,,,,FALSE
Time_27,3,TRUE,FALSE,TRUE,FALSE,FALSE,FALSE,TRUE,FALSE,FALSE,,TRUE,TRUE,TRUE,TRUE,TRUE,,,,,FALSE,TRUE,FALSE,FALSE,FALSE
Time_27,4,TRUE,FALSE,FALSE,FALSE,FALSE,FALSE,FALSE,FALSE,FALSE,딴소리하긴 하지만 틀린 소리는 아님..?,TRUE,TRUE,TRUE,TRUE,TRUE,,,,,FALSE,FALSE,FALSE,FALSE,FALSE
Time_27,5,TRUE,FALSE,TRUE,FALSE,FALSE,FALSE,TRUE,FALSE,FALSE,,TRUE,TRUE,TRUE,TRUE,TRUE,,,,,FALSE,TRUE,FALSE,FALSE,FALSE
Math_72,1,TRUE,TRUE,TRUE,FALSE,FALSE,FALSE,TRUE,FALSE,FALSE,verifySequence misleading 애매함,FALSE,FALSE,TRUE,TRUE,TRUE,FALSE,,,,FALSE,TRUE,FALSE,FALSE,FALSE
Math_72,2,TRUE,FALSE,FALSE,FALSE,FALSE,FALSE,TRUE,FALSE,FALSE,root cause 가 있는 function은 찾지만 뭔가 딴소리를 함.,FALSE,TRUE,FALSE,TRUE,TRUE,,TRUE,,,FALSE,TRUE,FALSE,FALSE,FALSE
Math_72,3,TRUE,FALSE,FALSE,FALSE,FALSE,FALSE,FALSE,FALSE,FALSE,root cause 가 있는 function은 찾지만 뭔가 딴소리를 함.,TRUE,TRUE,TRUE,TRUE,TRUE,,,,,FALSE,FALSE,FALSE,FALSE,FALSE
Math_72,4,TRUE,FALSE,TRUE,FALSE,FALSE,FALSE,TRUE,FALSE,FALSE,root cause 가 있는 function은 찾지만 뭔가 딴소리를 함.,TRUE,TRUE,TRUE,TRUE,TRUE,,,,,FALSE,TRUE,FALSE,FALSE,FALSE
Math_72,5,TRUE,FALSE,FALSE,FALSE,FALSE,FALSE,FALSE,FALSE,FALSE,root cause 가 있는 function은 찾지만 뭔가 딴소리를 함.,TRUE,TRUE,TRUE,TRUE,TRUE,,,,,FALSE,FALSE,FALSE,FALSE,FALSE
Lang_20,1,TRUE,FALSE,FALSE,FALSE,FALSE,FALSE,FALSE,FALSE,FALSE,,TRUE,TRUE,TRUE,TRUE,TRUE,,,,,FALSE,FALSE,FALSE,FALSE,FALSE
Lang_20,2,TRUE,FALSE,FALSE,FALSE,FALSE,FALSE,FALSE,FALSE,FALSE,,TRUE,TRUE,TRUE,TRUE,TRUE,,,,,FALSE,FALSE,FALSE,FALSE,FALSE
Lang_20,3,TRUE,FALSE,FALSE,FALSE,FALSE,FALSE,FALSE,FALSE,FALSE,,TRUE,TRUE,TRUE,TRUE,TRUE,,,,,FALSE,FALSE,FALSE,FALSE,FALSE
Lang_20,4,TRUE,FALSE,TRUE,FALSE,FALSE,FALSE,FALSE,FALSE,FALSE,,FALSE,TRUE,FALSE,TRUE,TRUE,,TRUE,,,FALSE,TRUE,FALSE,FALSE,FALSE
Lang_20,5,FALSE,,,,,,,,,,TRUE,TRUE,TRUE,TRUE,TRUE,,,,,,,,,FALSE
Lang_58,1,TRUE,FALSE,FALSE,FALSE,FALSE,FALSE,TRUE,FALSE,FALSE,Buggy method는 맞는데 이유가 틀려버림,FALSE,TRUE,FALSE,TRUE,TRUE,,FALSE,,,FALSE,FALSE,FALSE,FALSE,FALSE
Lang_58,2,TRUE,TRUE,FALSE,TRUE,TRUE,TRUE,FALSE,TRUE,FALSE,,FALSE,TRUE,TRUE,TRUE,FALSE,,,,FALSE,TRUE,FALSE,TRUE,FALSE,TRUE
Lang_58,3,TRUE,FALSE,TRUE,FALSE,FALSE,FALSE,TRUE,FALSE,FALSE,Buggy method는 맞는데 이유가 틀려버림,TRUE,TRUE,TRUE,TRUE,TRUE,,,,,FALSE,TRUE,FALSE,FALSE,FALSE
Lang_58,4,TRUE,TRUE,FALSE,TRUE,TRUE,TRUE,FALSE,TRUE,FALSE,,FALSE,TRUE,TRUE,TRUE,FALSE,,,,FALSE,TRUE,FALSE,TRUE,FALSE,TRUE
Lang_58,5,TRUE,FALSE,FALSE,FALSE,FALSE,FALSE,FALSE,FALSE,FALSE,,TRUE,TRUE,TRUE,TRUE,TRUE,,,,,FALSE,FALSE,FALSE,FALSE,FALSE
Math_103,1,TRUE,FALSE,FALSE,FALSE,FALSE,TRUE,FALSE,FALSE,FALSE,,FALSE,FALSE,TRUE,TRUE,TRUE,FALSE,,,,FALSE,FALSE,FALSE,FALSE,FALSE
Math_103,2,TRUE,TRUE,FALSE,TRUE,FALSE,TRUE,FALSE,FALSE,FALSE,,FALSE,TRUE,TRUE,FALSE,TRUE,,,TRUE,,TRUE,FALSE,TRUE,FALSE,TRUE
Math_103,3,TRUE,FALSE,FALSE,FALSE,FALSE,FALSE,FALSE,FALSE,FALSE,,TRUE,TRUE,TRUE,TRUE,TRUE,,,,,FALSE,FALSE,FALSE,FALSE,FALSE
Math_103,4,TRUE,TRUE,FALSE,TRUE,FALSE,TRUE,FALSE,FALSE,FALSE,CumulativeProbability에서 고쳐야 하긴 하지만 erf가 root cause인건 맞음!,FALSE,TRUE,TRUE,FALSE,TRUE,,,TRUE,,TRUE,FALSE,TRUE,FALSE,TRUE
Math_103,5,TRUE,FALSE,FALSE,FALSE,FALSE,FALSE,FALSE,FALSE,FALSE,,TRUE,TRUE,TRUE,TRUE,TRUE,,,,,FALSE,FALSE,FALSE,FALSE,FALSE
Math_69,1,FALSE,,,,,,,,,,TRUE,TRUE,TRUE,TRUE,TRUE,,,,,,,,,FALSE
Math_69,2,TRUE,FALSE,TRUE,FALSE,FALSE,FALSE,TRUE,FALSE,FALSE,,TRUE,TRUE,TRUE,TRUE,TRUE,,,,,FALSE,TRUE,FALSE,FALSE,FALSE
Math_69,3,TRUE,FALSE,TRUE,FALSE,FALSE,TRUE,FALSE,FALSE,FALSE,Modify the calculation of the p-values in the getCorrelationPValues() method to convert the t value into a p-value using a proper statistical function.,FALSE,FALSE,FALSE,TRUE,TRUE,TRUE,TRUE,,,TRUE,TRUE,FALSE,FALSE,FALSE
Math_69,4,TRUE,FALSE,FALSE,FALSE,FALSE,FALSE,FALSE,FALSE,FALSE,마찬가지로 애매함,TRUE,TRUE,TRUE,TRUE,TRUE,,,,,FALSE,FALSE,FALSE,FALSE,FALSE
Math_69,5,TRUE,TRUE,FALSE,FALSE,FALSE,TRUE,FALSE,FALSE,FALSE,it appears that the error occurred during the calculation of the p-values in the getCorrelationPValues method.,TRUE,TRUE,TRUE,TRUE,TRUE,,,,,TRUE,FALSE,FALSE,FALSE,TRUE
Chart_19,1,TRUE,TRUE,FALSE,TRUE,TRUE,TRUE,FALSE,TRUE,TRUE,Suggested fix: - Verify the implementation of the getRangeAxisIndex method in the CategoryPlot class to ensure that it correctly throws an IllegalArgumentException when a null argument is passed.,TRUE,TRUE,TRUE,TRUE,TRUE,,,,,TRUE,FALSE,TRUE,TRUE,TRUE
Chart_19,2,TRUE,TRUE,FALSE,TRUE,FALSE,TRUE,FALSE,TRUE,TRUE,we can conclude that the getDomainAxisIndex method did not throw the expected IllegalArgumentException when called with a null argument.,FALSE,TRUE,TRUE,TRUE,FALSE,,,,TRUE,TRUE,FALSE,TRUE,TRUE,TRUE
Chart_19,3,TRUE,TRUE,FALSE,TRUE,TRUE,TRUE,FALSE,TRUE,TRUE,"Next, let's suggest some potential locations to fix the issue. To fix the issue, we need to ensure that the getRangeAxisIndex method in the CategoryPlot class throws an IllegalArgumentException when the parameter is null.",TRUE,TRUE,TRUE,TRUE,TRUE,,,,,TRUE,FALSE,TRUE,TRUE,TRUE
Chart_19,4,TRUE,FALSE,TRUE,FALSE,FALSE,FALSE,TRUE,FALSE,FALSE,,TRUE,TRUE,TRUE,TRUE,TRUE,,,,,FALSE,TRUE,FALSE,FALSE,FALSE
Chart_19,5,TRUE,TRUE,FALSE,TRUE,TRUE,TRUE,FALSE,TRUE,TRUE,"Based on the error message, it seems that the getRangeAxisIndex method did not throw the expected IllegalArgumentException when called with a null axis parameter.",TRUE,TRUE,TRUE,TRUE,TRUE,,,,,TRUE,FALSE,TRUE,TRUE,TRUE
Closure_23,1,FALSE,,,,,,,,,,TRUE,TRUE,TRUE,TRUE,TRUE,,,,,,,,,FALSE
Closure_23,2,TRUE,FALSE,FALSE,FALSE,FALSE,FALSE,TRUE,FALSE,FALSE,,FALSE,TRUE,FALSE,TRUE,TRUE,,TRUE,,,FALSE,TRUE,FALSE,FALSE,FALSE
Closure_23,3,FALSE,,,,,,,,,,TRUE,TRUE,TRUE,TRUE,TRUE,,,,,,,,,FALSE
Closure_23,4,FALSE,,,,,,,,,,TRUE,TRUE,TRUE,TRUE,TRUE,,,,,,,,,FALSE
Closure_23,5,TRUE,FALSE,FALSE,FALSE,FALSE,FALSE,FALSE,FALSE,FALSE,,TRUE,TRUE,TRUE,TRUE,TRUE,,,,,FALSE,FALSE,FALSE,FALSE,FALSE
Math_85,1,TRUE,FALSE,FALSE,FALSE,FALSE,FALSE,FALSE,FALSE,FALSE,,TRUE,TRUE,TRUE,TRUE,TRUE,,,,,FALSE,FALSE,FALSE,FALSE,FALSE
Math_85,2,TRUE,FALSE,FALSE,FALSE,FALSE,FALSE,FALSE,FALSE,FALSE,,TRUE,TRUE,TRUE,TRUE,TRUE,,,,,FALSE,FALSE,FALSE,FALSE,FALSE
Math_85,3,TRUE,TRUE,FALSE,FALSE,FALSE,FALSE,FALSE,FALSE,FALSE,"애매하지만 . Therefore, the bug is likely related to the convergence of the algorithm used in the inverseCumulativeProbability method. 가 있어서 Y.. http://143.248.138.164/xfl_viz/6a1fbc3_MultiPredRotate_3/Math_85.html 어케 맞춘거지 이상하다.. 기억하는건가.. ㅋㅋ",FALSE,FALSE,TRUE,TRUE,TRUE,TRUE,,,,TRUE,FALSE,FALSE,FALSE,TRUE
Math_85,4,TRUE,TRUE,FALSE,FALSE,FALSE,FALSE,FALSE,FALSE,FALSE,,FALSE,FALSE,TRUE,TRUE,TRUE,TRUE,,,,TRUE,FALSE,FALSE,FALSE,TRUE
Math_85,5,TRUE,FALSE,FALSE,FALSE,FALSE,FALSE,FALSE,FALSE,FALSE,,TRUE,TRUE,TRUE,TRUE,TRUE,,,,,FALSE,FALSE,FALSE,FALSE,FALSE
Lang_30,1,FALSE,,,,,,,,,,TRUE,TRUE,TRUE,TRUE,TRUE,,,,,,,,,FALSE
Lang_30,2,TRUE,TRUE,FALSE,TRUE,TRUE,FALSE,TRUE,FALSE,FALSE,"Upon further investigation of the StringUtils class, we have found that the containsNone method is implemented correctly, but the issue lies in two related methods: indexOfAny and containsAny. These methods were used by containsNone to check for the presence of characters from the search set. However, it seems that these methods do not handle supplementary characters correctly.",FALSE,FALSE,FALSE,FALSE,FALSE,TRUE,TRUE,FALSE,FALSE,TRUE,TRUE,FALSE,FALSE,FALSE
Lang_30,3,TRUE,TRUE,FALSE,FALSE,FALSE,FALSE,FALSE,FALSE,FALSE,,FALSE,FALSE,TRUE,TRUE,TRUE,FALSE,,,,FALSE,FALSE,FALSE,FALSE,FALSE
Lang_30,4,TRUE,FALSE,FALSE,FALSE,FALSE,FALSE,FALSE,FALSE,FALSE,,TRUE,TRUE,TRUE,TRUE,TRUE,,,,,FALSE,FALSE,FALSE,FALSE,FALSE
Lang_30,5,TRUE,FALSE,FALSE,FALSE,FALSE,FALSE,FALSE,FALSE,FALSE,,TRUE,TRUE,TRUE,TRUE,TRUE,,,,,FALSE,FALSE,FALSE,FALSE,FALSE
Closure_115,1,TRUE,FALSE,FALSE,FALSE,FALSE,FALSE,FALSE,FALSE,FALSE,,TRUE,TRUE,TRUE,TRUE,TRUE,,,,,FALSE,FALSE,FALSE,FALSE,FALSE
Closure_115,2,TRUE,FALSE,FALSE,FALSE,FALSE,FALSE,FALSE,FALSE,FALSE,,TRUE,TRUE,TRUE,TRUE,TRUE,,,,,FALSE,FALSE,FALSE,FALSE,FALSE
Closure_115,3,TRUE,FALSE,FALSE,FALSE,FALSE,FALSE,FALSE,FALSE,FALSE,,TRUE,TRUE,TRUE,TRUE,TRUE,,,,,FALSE,FALSE,FALSE,FALSE,FALSE
Closure_115,4,TRUE,FALSE,FALSE,FALSE,FALSE,FALSE,FALSE,FALSE,FALSE,,TRUE,TRUE,TRUE,TRUE,TRUE,,,,,FALSE,FALSE,FALSE,FALSE,FALSE
Closure_115,5,TRUE,FALSE,FALSE,FALSE,FALSE,FALSE,FALSE,FALSE,FALSE,,TRUE,TRUE,TRUE,TRUE,TRUE,,,,,FALSE,FALSE,FALSE,FALSE,FALSE
Closure_54,1,TRUE,FALSE,FALSE,FALSE,FALSE,FALSE,FALSE,FALSE,FALSE,,TRUE,TRUE,TRUE,TRUE,TRUE,,,,,FALSE,FALSE,FALSE,FALSE,FALSE
Closure_54,2,TRUE,TRUE,TRUE,FALSE,FALSE,FALSE,TRUE,FALSE,FALSE,,FALSE,FALSE,TRUE,TRUE,TRUE,FALSE,,,,FALSE,TRUE,FALSE,FALSE,FALSE
Closure_54,3,TRUE,FALSE,FALSE,FALSE,FALSE,FALSE,FALSE,FALSE,FALSE,"Class -level fL: However, based on the analysis so far, potential areas to investigate for a fix include the TypedScopeCreator class and its interaction with the GlobalScopeBuilder and LocalScopeBuilder classes.",TRUE,TRUE,TRUE,TRUE,TRUE,,,,,FALSE,FALSE,FALSE,FALSE,FALSE
Closure_54,4,FALSE,,,,,,,,,,TRUE,TRUE,TRUE,TRUE,TRUE,,,,,,,,,FALSE
Closure_54,5,TRUE,FALSE,TRUE,FALSE,FALSE,FALSE,TRUE,FALSE,FALSE,,TRUE,TRUE,TRUE,TRUE,TRUE,,,,,FALSE,TRUE,FALSE,FALSE,FALSE
Math_2,1,TRUE,FALSE,FALSE,FALSE,FALSE,FALSE,FALSE,FALSE,FALSE,,TRUE,TRUE,TRUE,TRUE,TRUE,,,,,FALSE,FALSE,FALSE,FALSE,FALSE
Math_2,2,TRUE,FALSE,FALSE,FALSE,FALSE,FALSE,FALSE,FALSE,FALSE,,TRUE,TRUE,TRUE,TRUE,TRUE,,,,,FALSE,FALSE,FALSE,FALSE,FALSE
Math_2,3,FALSE,,,,,,,,,,TRUE,TRUE,TRUE,TRUE,TRUE,,,,,,,,,FALSE
Math_2,4,TRUE,TRUE,FALSE,FALSE,FALSE,FALSE,FALSE,FALSE,FALSE,,FALSE,FALSE,TRUE,TRUE,TRUE,FALSE,,,,FALSE,FALSE,FALSE,FALSE,FALSE
Math_2,5,FALSE,,,,,,,,,,TRUE,TRUE,TRUE,TRUE,TRUE,,,,,,,,,FALSE
Time_10,1,TRUE,TRUE,TRUE,FALSE,FALSE,FALSE,TRUE,FALSE,FALSE,,FALSE,FALSE,TRUE,TRUE,TRUE,FALSE,,,,FALSE,TRUE,FALSE,FALSE,FALSE
Time_10,2,TRUE,FALSE,TRUE,FALSE,FALSE,FALSE,TRUE,FALSE,FALSE,,TRUE,TRUE,TRUE,TRUE,TRUE,,,,,FALSE,TRUE,FALSE,FALSE,FALSE
Time_10,3,TRUE,FALSE,FALSE,FALSE,FALSE,FALSE,FALSE,FALSE,FALSE,,TRUE,TRUE,TRUE,TRUE,TRUE,,,,,FALSE,FALSE,FALSE,FALSE,FALSE
Time_10,4,TRUE,TRUE,FALSE,TRUE,FALSE,FALSE,TRUE,FALSE,FALSE,,FALSE,FALSE,FALSE,FALSE,TRUE,TRUE,FALSE,FALSE,,TRUE,FALSE,FALSE,FALSE,TRUE
Time_10,5,TRUE,FALSE,FALSE,FALSE,FALSE,FALSE,FALSE,FALSE,FALSE,,TRUE,TRUE,TRUE,TRUE,TRUE,,,,,FALSE,FALSE,FALSE,FALSE,FALSE
Closure_71,1,FALSE,,,,,,,,,,TRUE,TRUE,TRUE,TRUE,TRUE,,,,,,,,,FALSE
Closure_71,2,TRUE,FALSE,FALSE,FALSE,FALSE,FALSE,FALSE,FALSE,FALSE,,TRUE,TRUE,TRUE,TRUE,TRUE,,,,,FALSE,FALSE,FALSE,FALSE,FALSE
Closure_71,3,TRUE,FALSE,FALSE,FALSE,FALSE,FALSE,TRUE,FALSE,FALSE,,FALSE,TRUE,FALSE,TRUE,TRUE,,TRUE,,,FALSE,TRUE,FALSE,FALSE,FALSE
Closure_71,4,TRUE,FALSE,FALSE,FALSE,FALSE,FALSE,FALSE,FALSE,FALSE,,TRUE,TRUE,TRUE,TRUE,TRUE,,,,,FALSE,FALSE,FALSE,FALSE,FALSE
Closure_71,5,TRUE,FALSE,FALSE,FALSE,FALSE,FALSE,FALSE,FALSE,FALSE,,TRUE,TRUE,TRUE,TRUE,TRUE,,,,,FALSE,FALSE,FALSE,FALSE,FALSE
Math_105,1,TRUE,FALSE,FALSE,FALSE,FALSE,FALSE,FALSE,FALSE,FALSE,"To diagnose the test failure and understand the values of sumYY, sumXX, and sumXY, we need to examine the data points being added during the execution of the test. Unfortunately, I don't have access to the specific data points being added during the execution of the test. (Value trace를 필요로 하는구만)",TRUE,TRUE,TRUE,TRUE,TRUE,,,,,FALSE,FALSE,FALSE,FALSE,FALSE
Math_105,2,TRUE,FALSE,FALSE,FALSE,FALSE,FALSE,FALSE,FALSE,FALSE,,TRUE,TRUE,TRUE,TRUE,TRUE,,,,,FALSE,FALSE,FALSE,FALSE,FALSE
Math_105,3,TRUE,TRUE,FALSE,FALSE,FALSE,TRUE,FALSE,TRUE,FALSE,"Based on this analysis, it seems that the bug lies in the calculation of the sum of squared errors in the getSumSquaredErrors() method.",FALSE,TRUE,TRUE,FALSE,TRUE,,,TRUE,,TRUE,FALSE,TRUE,FALSE,TRUE
Math_105,4,TRUE,FALSE,FALSE,FALSE,FALSE,FALSE,TRUE,FALSE,FALSE,,FALSE,TRUE,FALSE,TRUE,TRUE,,TRUE,,,FALSE,TRUE,FALSE,FALSE,FALSE
Math_105,5,TRUE,TRUE,FALSE,TRUE,TRUE,TRUE,TRUE,FALSE,FALSE,"Therefore, the issue might lie with the formula used in the getSumSquaredErrors method itself.",FALSE,TRUE,FALSE,FALSE,FALSE,,TRUE,FALSE,TRUE,TRUE,TRUE,FALSE,TRUE,FALSE
Closure_103,1,TRUE,FALSE,TRUE,FALSE,FALSE,FALSE,FALSE,FALSE,FALSE,,FALSE,TRUE,FALSE,TRUE,TRUE,,TRUE,,,FALSE,TRUE,FALSE,FALSE,FALSE
Closure_103,2,TRUE,FALSE,FALSE,FALSE,FALSE,FALSE,FALSE,FALSE,FALSE,,TRUE,TRUE,TRUE,TRUE,TRUE,,,,,FALSE,FALSE,FALSE,FALSE,FALSE
Closure_103,3,TRUE,FALSE,FALSE,FALSE,FALSE,FALSE,FALSE,FALSE,FALSE,,TRUE,TRUE,TRUE,TRUE,TRUE,,,,,FALSE,FALSE,FALSE,FALSE,FALSE
Closure_103,4,TRUE,FALSE,FALSE,FALSE,FALSE,FALSE,FALSE,FALSE,FALSE,,TRUE,TRUE,TRUE,TRUE,TRUE,,,,,FALSE,FALSE,FALSE,FALSE,FALSE
Closure_103,5,TRUE,FALSE,TRUE,FALSE,FALSE,FALSE,TRUE,FALSE,FALSE,"owever, based on the information available, it is possible that the input code does not contain the expected control flow structure that would result in the cross edge between the specified tokens.",TRUE,TRUE,TRUE,TRUE,TRUE,,,,,FALSE,TRUE,FALSE,FALSE,FALSE
Math_89,1,TRUE,TRUE,TRUE,FALSE,FALSE,FALSE,TRUE,FALSE,FALSE,,FALSE,FALSE,TRUE,TRUE,TRUE,FALSE,,,,FALSE,TRUE,FALSE,FALSE,FALSE
Math_89,2,TRUE,TRUE,FALSE,TRUE,TRUE,TRUE,FALSE,TRUE,TRUE,"To resolve this issue, we can modify the addValue(Object v) method to directly handle non-comparable objects and throw an IllegalArgumentException. Based on the information gathered, the best location to fix the bug is:",TRUE,TRUE,TRUE,TRUE,TRUE,,,,,TRUE,FALSE,TRUE,TRUE,TRUE
Math_89,3,TRUE,FALSE,FALSE,FALSE,FALSE,FALSE,FALSE,FALSE,FALSE,,TRUE,TRUE,TRUE,TRUE,TRUE,,,,,FALSE,FALSE,FALSE,FALSE,FALSE
Math_89,4,TRUE,FALSE,FALSE,FALSE,FALSE,FALSE,FALSE,FALSE,FALSE,,TRUE,TRUE,TRUE,TRUE,TRUE,,,,,FALSE,FALSE,FALSE,FALSE,FALSE
Math_89,5,TRUE,TRUE,FALSE,FALSE,FALSE,FALSE,TRUE,FALSE,FALSE,"To fix the bug in the Frequency class, the code in the addValue(Object) method should be updated to use the addValue(Comparable) method directly, without any casting or deprecated calls.",FALSE,FALSE,FALSE,TRUE,TRUE,FALSE,TRUE,,,FALSE,TRUE,FALSE,FALSE,FALSE
Chart_11,1,TRUE,FALSE,FALSE,FALSE,FALSE,FALSE,FALSE,FALSE,FALSE,,TRUE,TRUE,TRUE,TRUE,TRUE,,,,,FALSE,FALSE,FALSE,FALSE,FALSE
Chart_11,2,TRUE,FALSE,TRUE,FALSE,FALSE,FALSE,TRUE,FALSE,FALSE,,TRUE,TRUE,TRUE,TRUE,TRUE,,,,,FALSE,TRUE,FALSE,FALSE,FALSE
Chart_11,3,TRUE,FALSE,TRUE,FALSE,FALSE,FALSE,TRUE,FALSE,FALSE,,TRUE,TRUE,TRUE,TRUE,TRUE,,,,,FALSE,TRUE,FALSE,FALSE,FALSE
Chart_11,4,TRUE,FALSE,FALSE,FALSE,FALSE,FALSE,FALSE,FALSE,FALSE,"To investigate further, we would need to examine the values of g1 and g2 at the point of comparison. Unfortunately, the provided test code does not include this information. (Trace 필요한 example)",TRUE,TRUE,TRUE,TRUE,TRUE,,,,,FALSE,FALSE,FALSE,FALSE,FALSE
Chart_11,5,TRUE,TRUE,FALSE,FALSE,FALSE,TRUE,FALSE,TRUE,FALSE,This indicates a potential bug in the equal method that is causing it to return incorrect results.,FALSE,TRUE,TRUE,FALSE,TRUE,,,FALSE,,TRUE,FALSE,FALSE,FALSE,TRUE
Closure_122,1,FALSE,,,,,,,,,,TRUE,TRUE,TRUE,TRUE,TRUE,,,,,,,,,FALSE
Closure_122,2,TRUE,FALSE,FALSE,FALSE,FALSE,FALSE,TRUE,FALSE,FALSE,It is possible that the failure is related to the way warnings are being handled or reported in the parse method.,FALSE,TRUE,FALSE,TRUE,TRUE,,TRUE,,,FALSE,TRUE,FALSE,FALSE,FALSE
Closure_122,3,TRUE,FALSE,FALSE,FALSE,FALSE,FALSE,FALSE,FALSE,FALSE,,TRUE,TRUE,TRUE,TRUE,TRUE,,,,,FALSE,FALSE,FALSE,FALSE,FALSE
Closure_122,4,TRUE,FALSE,FALSE,FALSE,FALSE,FALSE,TRUE,FALSE,FALSE,,FALSE,TRUE,FALSE,TRUE,TRUE,,TRUE,,,FALSE,TRUE,FALSE,FALSE,FALSE
Closure_122,5,TRUE,FALSE,FALSE,FALSE,FALSE,FALSE,TRUE,FALSE,FALSE,,FALSE,TRUE,FALSE,TRUE,TRUE,,TRUE,,,FALSE,TRUE,FALSE,FALSE,FALSE
Closure_22,1,TRUE,FALSE,FALSE,FALSE,FALSE,FALSE,FALSE,FALSE,FALSE,"Given the test name and the error message, it is likely that the failure is related to the CheckSideEffects class in the com.google.javascript.jscomp package. This class is responsible for checking and reporting side effects in JavaScript code.",TRUE,TRUE,TRUE,TRUE,TRUE,,,,,FALSE,FALSE,FALSE,FALSE,FALSE
Closure_22,2,TRUE,FALSE,FALSE,FALSE,FALSE,FALSE,FALSE,FALSE,FALSE,,TRUE,TRUE,TRUE,TRUE,TRUE,,,,,FALSE,FALSE,FALSE,FALSE,FALSE
Closure_22,3,TRUE,FALSE,FALSE,FALSE,FALSE,FALSE,FALSE,FALSE,FALSE,,TRUE,TRUE,TRUE,TRUE,TRUE,,,,,FALSE,FALSE,FALSE,FALSE,FALSE
Closure_22,4,TRUE,FALSE,FALSE,FALSE,FALSE,FALSE,FALSE,FALSE,FALSE,,TRUE,TRUE,TRUE,TRUE,TRUE,,,,,FALSE,FALSE,FALSE,FALSE,FALSE
Closure_22,5,FALSE,,,,,,,,,,TRUE,TRUE,TRUE,TRUE,TRUE,,,,,,,,,FALSE
Math_84,1,TRUE,FALSE,FALSE,FALSE,FALSE,FALSE,TRUE,FALSE,FALSE,,FALSE,TRUE,FALSE,TRUE,TRUE,,TRUE,,,FALSE,TRUE,FALSE,FALSE,FALSE
Math_84,2,TRUE,FALSE,FALSE,FALSE,FALSE,FALSE,FALSE,FALSE,FALSE,,TRUE,TRUE,TRUE,TRUE,TRUE,,,,,FALSE,FALSE,FALSE,FALSE,FALSE
Math_84,3,TRUE,FALSE,FALSE,FALSE,FALSE,TRUE,FALSE,TRUE,FALSE,"Based on the code snippets, the bug could potentially be caused by an issue in the evaluateNewSimplex method. Further investigation is needed to determine the root cause of the failure.",FALSE,FALSE,TRUE,FALSE,TRUE,FALSE,,FALSE,,FALSE,FALSE,FALSE,FALSE,FALSE
Math_84,4,TRUE,TRUE,FALSE,TRUE,TRUE,TRUE,FALSE,FALSE,TRUE,"To fix this bug, the iterateSimplex method should be modified to include a convergence check and exit the loop when the convergence condition is met.",FALSE,TRUE,TRUE,FALSE,TRUE,,,TRUE,,TRUE,FALSE,TRUE,TRUE,TRUE
Math_84,5,TRUE,FALSE,FALSE,FALSE,FALSE,FALSE,FALSE,FALSE,FALSE,,TRUE,TRUE,TRUE,TRUE,TRUE,,,,,FALSE,FALSE,FALSE,FALSE,FALSE
Lang_43,1,TRUE,TRUE,FALSE,TRUE,FALSE,TRUE,FALSE,TRUE,FALSE,"Based on the error message, which indicates a java.lang.OutOfMemoryError: Java heap space, it seems that the appendQuotedString method may be causing the issue when trying to append a large amount of data",TRUE,TRUE,TRUE,TRUE,TRUE,,,,,TRUE,FALSE,TRUE,FALSE,TRUE
Lang_43,2,FALSE,,,,,,,,,,TRUE,TRUE,TRUE,TRUE,TRUE,,,,,,,,,FALSE
Lang_43,3,FALSE,,,,,,,,,,TRUE,TRUE,TRUE,TRUE,TRUE,,,,,,,,,FALSE
Lang_43,4,FALSE,,,,,,,,,,TRUE,TRUE,TRUE,TRUE,TRUE,,,,,,,,,FALSE
Lang_43,5,TRUE,FALSE,TRUE,FALSE,FALSE,TRUE,FALSE,FALSE,FALSE,"To fix this bug, we should modify the appendQuotedString method to correctly handle the escaping of quotes.",FALSE,FALSE,FALSE,TRUE,TRUE,TRUE,FALSE,,,TRUE,FALSE,FALSE,FALSE,TRUE
Chart_16,1,TRUE,FALSE,FALSE,FALSE,FALSE,FALSE,FALSE,FALSE,FALSE,,TRUE,TRUE,TRUE,TRUE,TRUE,,,,,FALSE,FALSE,FALSE,FALSE,FALSE
Chart_16,2,TRUE,TRUE,FALSE,FALSE,FALSE,TRUE,FALSE,FALSE,FALSE,"t is likely that one of the validations in the setCategoryKeys method failed, leading to an exception being thrown and causing the test to fail.",TRUE,TRUE,TRUE,TRUE,TRUE,,,,,TRUE,FALSE,FALSE,FALSE,TRUE
Chart_16,3,TRUE,FALSE,FALSE,FALSE,FALSE,FALSE,FALSE,FALSE,FALSE,,TRUE,TRUE,TRUE,TRUE,TRUE,,,,,FALSE,FALSE,FALSE,FALSE,FALSE
Chart_16,4,TRUE,TRUE,TRUE,FALSE,FALSE,FALSE,TRUE,FALSE,FALSE,,FALSE,FALSE,TRUE,TRUE,TRUE,TRUE,TRUE,,,TRUE,TRUE,FALSE,FALSE,FALSE
Chart_16,5,FALSE,,,,,,,,,,TRUE,TRUE,TRUE,TRUE,TRUE,,,,,,,,,FALSE
Math_27,1,TRUE,FALSE,TRUE,FALSE,FALSE,FALSE,TRUE,FALSE,FALSE,,TRUE,TRUE,TRUE,TRUE,TRUE,,,,,FALSE,TRUE,FALSE,FALSE,FALSE
Math_27,2,TRUE,TRUE,FALSE,TRUE,FALSE,TRUE,TRUE,FALSE,FALSE,the calculation in the percentageValue method may need to be corrected.,FALSE,TRUE,FALSE,FALSE,TRUE,,TRUE,FALSE,,TRUE,TRUE,FALSE,FALSE,FALSE
Math_27,3,TRUE,FALSE,FALSE,FALSE,FALSE,FALSE,FALSE,FALSE,FALSE,,TRUE,TRUE,TRUE,TRUE,TRUE,,,,,FALSE,FALSE,FALSE,FALSE,FALSE
Math_27,4,TRUE,TRUE,FALSE,TRUE,FALSE,FALSE,TRUE,FALSE,FALSE,,FALSE,FALSE,FALSE,FALSE,TRUE,FALSE,TRUE,FALSE,,FALSE,TRUE,FALSE,FALSE,FALSE
Math_27,5,FALSE,,,,,,,,,,TRUE,TRUE,TRUE,TRUE,TRUE,,,,,,,,,FALSE
Math_74,1,FALSE,,,,,,,,,,TRUE,TRUE,TRUE,TRUE,TRUE,,,,,,,,,FALSE
Math_74,2,TRUE,FALSE,FALSE,FALSE,FALSE,FALSE,FALSE,FALSE,FALSE,,TRUE,TRUE,TRUE,TRUE,TRUE,,,,,FALSE,FALSE,FALSE,FALSE,FALSE
Math_74,3,FALSE,,,,,,,,,,TRUE,TRUE,TRUE,TRUE,TRUE,,,,,,,,,FALSE
Math_74,4,TRUE,FALSE,FALSE,FALSE,FALSE,FALSE,FALSE,FALSE,FALSE,,TRUE,TRUE,TRUE,TRUE,TRUE,,,,,FALSE,FALSE,FALSE,FALSE,FALSE
Math_74,5,TRUE,FALSE,FALSE,FALSE,FALSE,FALSE,TRUE,FALSE,FALSE,,FALSE,TRUE,FALSE,TRUE,TRUE,,TRUE,,,FALSE,TRUE,FALSE,FALSE,FALSE
Closure_132,1,FALSE,,,,,,,,,,TRUE,TRUE,TRUE,TRUE,TRUE,,,,,,,,,FALSE
Closure_132,2,TRUE,FALSE,TRUE,FALSE,FALSE,FALSE,TRUE,FALSE,FALSE,,TRUE,TRUE,TRUE,TRUE,TRUE,,,,,FALSE,TRUE,FALSE,FALSE,FALSE
Closure_132,3,TRUE,FALSE,FALSE,FALSE,FALSE,FALSE,TRUE,FALSE,FALSE,,FALSE,TRUE,FALSE,TRUE,TRUE,,TRUE,,,FALSE,TRUE,FALSE,FALSE,FALSE
Closure_132,4,FALSE,,,,,,,,,,TRUE,TRUE,TRUE,TRUE,TRUE,,,,,,,,,FALSE
Closure_132,5,FALSE,,,,,,,,,,TRUE,TRUE,TRUE,TRUE,TRUE,,,,,,,,,FALSE
Lang_12,1,FALSE,,,,,,,,,,TRUE,TRUE,TRUE,TRUE,TRUE,,,,,,,,,FALSE
Lang_12,2,TRUE,TRUE,FALSE,FALSE,FALSE,FALSE,FALSE,FALSE,FALSE,,FALSE,FALSE,TRUE,TRUE,TRUE,FALSE,,,,FALSE,FALSE,FALSE,FALSE,FALSE
Lang_12,3,TRUE,FALSE,FALSE,FALSE,FALSE,FALSE,FALSE,FALSE,FALSE,,TRUE,TRUE,TRUE,TRUE,TRUE,,,,,FALSE,FALSE,FALSE,FALSE,FALSE
Lang_12,4,TRUE,TRUE,FALSE,FALSE,FALSE,FALSE,FALSE,FALSE,FALSE,,FALSE,FALSE,TRUE,TRUE,TRUE,FALSE,,,,FALSE,FALSE,FALSE,FALSE,FALSE
Lang_12,5,TRUE,TRUE,FALSE,TRUE,TRUE,TRUE,FALSE,FALSE,TRUE,"RandomStringUtils.random method is not correctly handling or validating the provided char array when it is empty, leading to the ArrayIndexOutOfBoundsException. To fix the issue, the RandomStringUtils.random method should handle the case when the provided char array is empty and throw an appropriate exception or handle it gracefully.",FALSE,TRUE,TRUE,FALSE,TRUE,,,TRUE,,TRUE,FALSE,TRUE,TRUE,TRUE
Math_38,1,FALSE,,,,,,,,,,TRUE,TRUE,TRUE,TRUE,TRUE,,,,,,,,,FALSE
Math_38,2,FALSE,,,,,,,,,,TRUE,TRUE,TRUE,TRUE,TRUE,,,,,,,,,FALSE
Math_38,3,TRUE,FALSE,FALSE,FALSE,FALSE,FALSE,FALSE,FALSE,FALSE,,TRUE,TRUE,TRUE,TRUE,TRUE,,,,,FALSE,FALSE,FALSE,FALSE,FALSE
Math_38,4,FALSE,,,,,,,,,,TRUE,TRUE,TRUE,TRUE,TRUE,,,,,,,,,FALSE
Math_38,5,TRUE,FALSE,FALSE,FALSE,FALSE,FALSE,FALSE,FALSE,FALSE,,TRUE,TRUE,TRUE,TRUE,TRUE,,,,,FALSE,FALSE,FALSE,FALSE,FALSE
Lang_27,1,TRUE,FALSE,FALSE,FALSE,FALSE,FALSE,FALSE,FALSE,FALSE,,TRUE,TRUE,TRUE,TRUE,TRUE,,,,,FALSE,FALSE,FALSE,FALSE,FALSE
Lang_27,2,TRUE,FALSE,FALSE,FALSE,FALSE,FALSE,FALSE,FALSE,FALSE,,TRUE,TRUE,TRUE,TRUE,TRUE,,,,,FALSE,FALSE,FALSE,FALSE,FALSE
Lang_27,3,FALSE,,,,,,,,,,TRUE,TRUE,TRUE,TRUE,TRUE,,,,,,,,,FALSE
Lang_27,4,FALSE,,,,,,,,,,TRUE,TRUE,TRUE,TRUE,TRUE,,,,,,,,,FALSE
Lang_27,5,TRUE,FALSE,FALSE,FALSE,FALSE,FALSE,FALSE,FALSE,FALSE,,TRUE,TRUE,TRUE,TRUE,TRUE,,,,,FALSE,FALSE,FALSE,FALSE,FALSE
Closure_4,1,TRUE,FALSE,FALSE,FALSE,FALSE,FALSE,FALSE,FALSE,FALSE,,TRUE,TRUE,TRUE,TRUE,TRUE,,,,,FALSE,FALSE,FALSE,FALSE,FALSE
Closure_4,2,TRUE,FALSE,TRUE,FALSE,FALSE,FALSE,TRUE,FALSE,FALSE,,TRUE,TRUE,TRUE,TRUE,TRUE,,,,,FALSE,TRUE,FALSE,FALSE,FALSE
Closure_4,3,TRUE,FALSE,FALSE,FALSE,FALSE,FALSE,TRUE,FALSE,FALSE,it seems that the issue lies in the type checking process performed in the TypeCheck class or its associated abstract interpreters.,FALSE,TRUE,FALSE,TRUE,TRUE,,FALSE,,,FALSE,FALSE,FALSE,FALSE,FALSE
Closure_4,4,TRUE,FALSE,FALSE,FALSE,FALSE,FALSE,TRUE,FALSE,FALSE,"These methods seem to be related to checking the implementation and extension of classes in JavaScript code, which is the core issue identified by the failing test.",FALSE,TRUE,FALSE,TRUE,TRUE,,TRUE,,,FALSE,TRUE,FALSE,FALSE,FALSE
Closure_4,5,TRUE,FALSE,FALSE,FALSE,FALSE,FALSE,FALSE,FALSE,FALSE,,TRUE,TRUE,TRUE,TRUE,TRUE,,,,,FALSE,FALSE,FALSE,FALSE,FALSE
Math_64,1,TRUE,FALSE,TRUE,FALSE,FALSE,FALSE,TRUE,FALSE,FALSE,,TRUE,TRUE,TRUE,TRUE,TRUE,,,,,FALSE,TRUE,FALSE,FALSE,FALSE
Math_64,2,TRUE,FALSE,TRUE,FALSE,FALSE,FALSE,TRUE,FALSE,FALSE,,TRUE,TRUE,TRUE,TRUE,TRUE,,,,,FALSE,TRUE,FALSE,FALSE,FALSE
Math_64,3,TRUE,FALSE,TRUE,FALSE,FALSE,FALSE,FALSE,FALSE,FALSE,,FALSE,TRUE,FALSE,TRUE,TRUE,,TRUE,,,FALSE,TRUE,FALSE,FALSE,FALSE
Math_64,4,TRUE,FALSE,FALSE,FALSE,FALSE,TRUE,TRUE,FALSE,FALSE,It could be due to a discrepancy in the optimization algorithm or a numerical precision issue.,FALSE,FALSE,FALSE,TRUE,TRUE,TRUE,TRUE,,,TRUE,TRUE,FALSE,FALSE,FALSE
Math_64,5,TRUE,FALSE,FALSE,FALSE,FALSE,FALSE,FALSE,FALSE,FALSE,Examine the optimization algorithm: Review the implementation of the optimization algorithm used in the minpackTest method. There may be a bug or an issue in the algorithm that is causing the optimization result to deviate from the expected value.,TRUE,TRUE,TRUE,TRUE,TRUE,,,,,FALSE,FALSE,FALSE,FALSE,FALSE
Closure_130,1,FALSE,,,,,,,,,,TRUE,TRUE,TRUE,TRUE,TRUE,,,,,,,,,FALSE
Closure_130,2,TRUE,FALSE,TRUE,FALSE,FALSE,FALSE,TRUE,FALSE,FALSE,,TRUE,TRUE,TRUE,TRUE,TRUE,,,,,FALSE,TRUE,FALSE,FALSE,FALSE
Closure_130,3,TRUE,FALSE,TRUE,FALSE,FALSE,FALSE,TRUE,FALSE,FALSE,,TRUE,TRUE,TRUE,TRUE,TRUE,,,,,FALSE,TRUE,FALSE,FALSE,FALSE
Closure_130,4,FALSE,,,,,,,,,,TRUE,TRUE,TRUE,TRUE,TRUE,,,,,,,,,FALSE
Closure_130,5,TRUE,FALSE,FALSE,FALSE,FALSE,FALSE,FALSE,FALSE,FALSE,,TRUE,TRUE,TRUE,TRUE,TRUE,,,,,FALSE,FALSE,FALSE,FALSE,FALSE
Closure_53,1,TRUE,TRUE,FALSE,TRUE,FALSE,TRUE,FALSE,TRUE,FALSE,"Since InlineObjectLiterals is responsible for replacing this assignment, it is likely that the error occurred during this replacement process.",TRUE,TRUE,TRUE,TRUE,TRUE,,,,,TRUE,FALSE,TRUE,FALSE,TRUE
Closure_53,2,TRUE,FALSE,FALSE,FALSE,FALSE,TRUE,FALSE,FALSE,FALSE,"To address this issue, we suggest looking into the code related to the handling of object literals in the compiler pass associated with this test. Specifically, the code related to splitting or replacing object literals and ensuring the correct indices are used.",FALSE,FALSE,TRUE,TRUE,TRUE,TRUE,,,,TRUE,FALSE,FALSE,FALSE,TRUE
Closure_53,3,TRUE,TRUE,FALSE,TRUE,FALSE,TRUE,FALSE,FALSE,FALSE,"Based on the stack trace, it seems that the error originated from the InlineObjectLiterals$InliningBehavior.replaceAssignmentExpression method. This method is part of the InlineObjectLiterals class. There seems to be an issue with an assignment expression involving an object literal.",FALSE,TRUE,TRUE,FALSE,TRUE,,,FALSE,,TRUE,FALSE,FALSE,FALSE,TRUE
Closure_53,4,TRUE,FALSE,FALSE,FALSE,FALSE,FALSE,FALSE,FALSE,FALSE,,TRUE,TRUE,TRUE,TRUE,TRUE,,,,,FALSE,FALSE,FALSE,FALSE,FALSE
Closure_53,5,TRUE,FALSE,FALSE,FALSE,FALSE,FALSE,FALSE,FALSE,FALSE,Class-level fl,TRUE,TRUE,TRUE,TRUE,TRUE,,,,,FALSE,FALSE,FALSE,FALSE,FALSE
Time_13,1,TRUE,FALSE,FALSE,FALSE,FALSE,FALSE,FALSE,FALSE,FALSE,,TRUE,TRUE,TRUE,TRUE,TRUE,,,,,FALSE,FALSE,FALSE,FALSE,FALSE
Time_13,2,TRUE,TRUE,TRUE,FALSE,TRUE,TRUE,TRUE,FALSE,FALSE,"To fix the bug, we need to modify the standard() method to correctly handle negative durations.",FALSE,TRUE,TRUE,TRUE,FALSE,,,,TRUE,TRUE,TRUE,FALSE,TRUE,FALSE
Time_13,3,TRUE,TRUE,TRUE,FALSE,FALSE,FALSE,TRUE,FALSE,FALSE,It appears that the appendSecondsWithOptionalMillis() method is not handling negative values correctly.,FALSE,FALSE,TRUE,TRUE,TRUE,TRUE,,,,TRUE,TRUE,FALSE,FALSE,FALSE
Time_13,4,TRUE,TRUE,TRUE,FALSE,FALSE,TRUE,TRUE,FALSE,FALSE,modifying the ISOPeriodFormat.standard() method to handle negative values and include the negative sign in the formatted output.,TRUE,TRUE,TRUE,TRUE,TRUE,,,,,TRUE,TRUE,FALSE,FALSE,FALSE
Time_13,5,TRUE,TRUE,FALSE,FALSE,FALSE,FALSE,FALSE,FALSE,FALSE,This indicates that the formatting of the negative duration is not happening correctly.,FALSE,FALSE,TRUE,TRUE,TRUE,TRUE,,,,TRUE,FALSE,FALSE,FALSE,TRUE
Chart_7,1,TRUE,FALSE,FALSE,FALSE,FALSE,FALSE,FALSE,FALSE,FALSE,,TRUE,TRUE,TRUE,TRUE,TRUE,,,,,FALSE,FALSE,FALSE,FALSE,FALSE
Chart_7,2,TRUE,FALSE,FALSE,FALSE,FALSE,FALSE,FALSE,FALSE,FALSE,,TRUE,TRUE,TRUE,TRUE,TRUE,,,,,FALSE,FALSE,FALSE,FALSE,FALSE
Chart_7,3,FALSE,,,,,,,,,,TRUE,TRUE,TRUE,TRUE,TRUE,,,,,,,,,FALSE
Chart_7,4,TRUE,FALSE,FALSE,FALSE,FALSE,FALSE,FALSE,FALSE,FALSE,,TRUE,TRUE,TRUE,TRUE,TRUE,,,,,FALSE,FALSE,FALSE,FALSE,FALSE
Chart_7,5,TRUE,FALSE,FALSE,FALSE,FALSE,FALSE,FALSE,FALSE,FALSE,,TRUE,TRUE,TRUE,TRUE,TRUE,,,,,FALSE,FALSE,FALSE,FALSE,FALSE
Lang_42,1,TRUE,TRUE,TRUE,FALSE,FALSE,FALSE,FALSE,FALSE,FALSE,it appears that the escapeHtml method in the StringEscapeUtils class of the org.apache.commons.lang package is not correctly escaping high unicode characters.,FALSE,FALSE,FALSE,TRUE,TRUE,,,,,FALSE,FALSE,FALSE,FALSE,FALSE
Lang_42,2,TRUE,TRUE,TRUE,FALSE,FALSE,FALSE,FALSE,FALSE,FALSE,"Based on this information, it can be inferred that the escapeHtml and unescapeHtml methods in the StringEscapeUtils class are not properly handling high unicode characters when escaping and unescaping HTML entities.",FALSE,FALSE,FALSE,TRUE,TRUE,,,,,FALSE,FALSE,FALSE,FALSE,FALSE
Lang_42,3,FALSE,,,,,,,,,,TRUE,TRUE,TRUE,TRUE,TRUE,,,,,,,,,FALSE
Lang_42,4,TRUE,FALSE,FALSE,FALSE,FALSE,FALSE,FALSE,FALSE,FALSE,,TRUE,TRUE,TRUE,TRUE,TRUE,,,,,FALSE,FALSE,FALSE,FALSE,FALSE
Lang_42,5,TRUE,TRUE,FALSE,TRUE,TRUE,TRUE,FALSE,TRUE,FALSE,"org.apache.commons.lang.Entities.HTML40.escape(java.io.Writer, java.lang.String)
 HTML 저게 틀렸을 뿐 거진 내용은 맞다..",FALSE,TRUE,TRUE,TRUE,FALSE,,,,TRUE,TRUE,FALSE,TRUE,TRUE,TRUE
Lang_36,1,TRUE,TRUE,FALSE,TRUE,TRUE,TRUE,FALSE,FALSE,TRUE,"Given this information, it appears that the failure lies in the code that handles the conversion of ""2."" to a Double value. It is possible that this code does not recognize ""2."" as a valid number and throws a NumberFormatException. / One potential fix could be to specifically handle the case where the input string ends with a decimal poin",FALSE,TRUE,TRUE,FALSE,TRUE,,,FALSE,,TRUE,FALSE,FALSE,TRUE,TRUE
Lang_36,2,TRUE,FALSE,FALSE,FALSE,FALSE,FALSE,FALSE,FALSE,FALSE,,TRUE,TRUE,TRUE,TRUE,TRUE,,,,,FALSE,FALSE,FALSE,FALSE,FALSE
Lang_36,3,TRUE,TRUE,FALSE,TRUE,FALSE,TRUE,FALSE,FALSE,TRUE,"Based on this information, we can conclude that the createNumber method does not handle the case when the input string ends with a dot, resulting in the failure of the test.
 To fix this issue, the createNumber method should be modified to handle the case when the input string ends with a dot and treat it as a valid number.",FALSE,TRUE,TRUE,FALSE,FALSE,,,FALSE,TRUE,TRUE,FALSE,FALSE,TRUE,TRUE
Lang_36,4,TRUE,TRUE,FALSE,TRUE,FALSE,TRUE,FALSE,FALSE,FALSE,"The failure may be caused by one of the conditional checks in the method not correctly identifying ""2."" as a valid number.",FALSE,TRUE,TRUE,FALSE,TRUE,,,TRUE,,TRUE,FALSE,TRUE,FALSE,TRUE
Lang_36,5,TRUE,TRUE,FALSE,TRUE,FALSE,TRUE,FALSE,FALSE,TRUE,"To fix this issue, the createNumber(String) method should handle cases where the input string ends with a non-digit character. It could either ignore the non-digit character or perform additional validations before throwing an exception.",FALSE,TRUE,TRUE,FALSE,FALSE,,,TRUE,TRUE,TRUE,FALSE,TRUE,TRUE,TRUE
Closure_9,1,TRUE,FALSE,TRUE,FALSE,FALSE,TRUE,FALSE,TRUE,FALSE,"Based on the information gathered, it seems that the issue might be related to the handling of the backslash (\) character in the guessCJSModuleName method. T",FALSE,FALSE,FALSE,FALSE,TRUE,TRUE,FALSE,TRUE,,TRUE,FALSE,TRUE,FALSE,TRUE
Closure_9,2,TRUE,FALSE,FALSE,FALSE,FALSE,FALSE,FALSE,FALSE,FALSE,,TRUE,TRUE,TRUE,TRUE,TRUE,,,,,FALSE,FALSE,FALSE,FALSE,FALSE
Closure_9,3,TRUE,FALSE,FALSE,FALSE,FALSE,FALSE,FALSE,FALSE,FALSE,,TRUE,TRUE,TRUE,TRUE,TRUE,,,,,FALSE,FALSE,FALSE,FALSE,FALSE
Closure_9,4,TRUE,FALSE,FALSE,FALSE,FALSE,FALSE,FALSE,FALSE,FALSE,,TRUE,TRUE,TRUE,TRUE,TRUE,,,,,FALSE,FALSE,FALSE,FALSE,FALSE
Closure_9,5,TRUE,FALSE,FALSE,FALSE,FALSE,FALSE,FALSE,FALSE,FALSE,,TRUE,TRUE,TRUE,TRUE,TRUE,,,,,FALSE,FALSE,FALSE,FALSE,FALSE
Closure_127,1,TRUE,FALSE,FALSE,FALSE,FALSE,FALSE,FALSE,FALSE,FALSE,"To fix this issue, we need to modify the implementation so that the return statement is present in the actual result JavaScript code.",TRUE,TRUE,TRUE,TRUE,TRUE,,,,,FALSE,FALSE,FALSE,FALSE,FALSE
Closure_127,2,FALSE,,,,,,,,,,TRUE,TRUE,TRUE,TRUE,TRUE,,,,,,,,,FALSE
Closure_127,3,TRUE,FALSE,FALSE,FALSE,FALSE,FALSE,FALSE,FALSE,FALSE,"The issue occurs because the continue statement is not correctly transforming the code as expected. The transformation should keep the continue statement inside the finally block, but it is not doing so. As a result, the transformed code does not have the continue statement inside the loop.",TRUE,TRUE,TRUE,TRUE,TRUE,,,,,FALSE,FALSE,FALSE,FALSE,FALSE
Closure_127,4,TRUE,FALSE,FALSE,FALSE,FALSE,FALSE,FALSE,FALSE,FALSE,,TRUE,TRUE,TRUE,TRUE,TRUE,,,,,FALSE,FALSE,FALSE,FALSE,FALSE
Closure_127,5,TRUE,TRUE,FALSE,TRUE,FALSE,TRUE,TRUE,FALSE,FALSE,"Digging into the code, we find that the failing test is related to the UnreachableCodeElimination class in the com.google.javascript.jscomp package. The UnreachableCodeElimination class has an inner class EliminationPass, which has a method tryRemoveUnconditionalBranching. This method tries to remove an unconditional branching control flow node (break, continue, or return) if the target of the node is the same as the follow of the node. In other words, it tries to remove the branch node if removing it preserves the control flow. / However, it seems that the removal of the break statement is not happening correctly in this case. (틀린말)",FALSE,TRUE,FALSE,FALSE,TRUE,,FALSE,TRUE,,TRUE,FALSE,TRUE,FALSE,TRUE
Lang_47,1,TRUE,TRUE,FALSE,TRUE,TRUE,TRUE,FALSE,TRUE,TRUE,"To fix this issue, the appendFixedWidthPadLeft method should handle the case when the obj argument is null and provide a proper value for str to avoid the NullPointerException.",TRUE,TRUE,TRUE,TRUE,TRUE,,,,,TRUE,FALSE,TRUE,TRUE,TRUE
Lang_47,2,TRUE,TRUE,FALSE,TRUE,TRUE,FALSE,TRUE,FALSE,FALSE,Suggestions for fixes: - Initialize the nullText field in the StrBuilder class to a default value or handle null values in the appendFixedWidthPadRight method.,FALSE,FALSE,FALSE,FALSE,FALSE,TRUE,TRUE,FALSE,TRUE,TRUE,TRUE,FALSE,TRUE,FALSE
Lang_47,3,TRUE,TRUE,FALSE,TRUE,FALSE,FALSE,TRUE,FALSE,FALSE,Str 대신 obj 라고함. Misleading,FALSE,FALSE,FALSE,FALSE,TRUE,TRUE,TRUE,FALSE,,TRUE,TRUE,FALSE,FALSE,FALSE
Lang_47,4,TRUE,TRUE,FALSE,TRUE,TRUE,FALSE,TRUE,FALSE,FALSE,Str 대신 obj 라고함. Misleading example,FALSE,FALSE,FALSE,FALSE,FALSE,TRUE,TRUE,FALSE,,TRUE,TRUE,FALSE,FALSE,FALSE
Lang_47,5,TRUE,TRUE,FALSE,TRUE,TRUE,FALSE,TRUE,FALSE,FALSE,,FALSE,FALSE,FALSE,FALSE,FALSE,TRUE,TRUE,FALSE,TRUE,TRUE,TRUE,FALSE,TRUE,FALSE
Closure_64,1,TRUE,FALSE,FALSE,FALSE,FALSE,TRUE,FALSE,TRUE,FALSE,"""'use strict'"" was not found at all in the outputSource string.",FALSE,FALSE,TRUE,FALSE,TRUE,FALSE,,FALSE,,FALSE,FALSE,FALSE,FALSE,FALSE
Closure_64,2,FALSE,,,,,,,,,,TRUE,TRUE,TRUE,TRUE,TRUE,,,,,,,,,FALSE
Closure_64,3,FALSE,,,,,,,,,,TRUE,TRUE,TRUE,TRUE,TRUE,,,,,,,,,FALSE
Closure_64,4,FALSE,,,,,,,,,,TRUE,TRUE,TRUE,TRUE,TRUE,,,,,,,,,FALSE
Closure_64,5,TRUE,FALSE,FALSE,FALSE,FALSE,TRUE,FALSE,TRUE,FALSE,"To find a possible fix for this issue, we can suggest looking into the following methods: - com.google.javascript.jscomp.Compiler.toSource() to ensure that the code building process correctly includes the 'use strict' statement. -",FALSE,FALSE,TRUE,FALSE,TRUE,TRUE,,FALSE,,TRUE,FALSE,FALSE,FALSE,TRUE
Lang_61,1,TRUE,FALSE,FALSE,FALSE,FALSE,FALSE,FALSE,FALSE,FALSE,,TRUE,TRUE,TRUE,TRUE,TRUE,,,,,FALSE,FALSE,FALSE,FALSE,FALSE
Lang_61,2,FALSE,,,,,,,,,,TRUE,TRUE,TRUE,TRUE,TRUE,,,,,,,,,FALSE
Lang_61,3,TRUE,FALSE,TRUE,FALSE,FALSE,FALSE,TRUE,FALSE,FALSE,,TRUE,TRUE,TRUE,TRUE,TRUE,,,,,FALSE,TRUE,FALSE,FALSE,FALSE
Lang_61,4,TRUE,FALSE,TRUE,FALSE,FALSE,FALSE,TRUE,FALSE,FALSE,,TRUE,TRUE,TRUE,TRUE,TRUE,,,,,FALSE,TRUE,FALSE,FALSE,FALSE
Lang_61,5,TRUE,FALSE,TRUE,FALSE,FALSE,FALSE,TRUE,FALSE,FALSE,,TRUE,TRUE,TRUE,TRUE,TRUE,,,,,FALSE,TRUE,FALSE,FALSE,FALSE
Chart_9,1,TRUE,TRUE,TRUE,FALSE,FALSE,FALSE,TRUE,FALSE,FALSE,이건 좀 관점/expected behavior 에 따라서 다른 듯 (test 를 수정할 것이냐 아니면 empty를 반환하게 할 것인가),FALSE,FALSE,TRUE,TRUE,TRUE,FALSE,,,,FALSE,TRUE,FALSE,FALSE,FALSE
Chart_9,2,TRUE,TRUE,TRUE,FALSE,FALSE,FALSE,TRUE,FALSE,FALSE,이건 좀 관점/expected behavior 에 따라서 다른 듯 (test 를 수정할 것이냐 아니면 empty를 반환하게 할 것인가),FALSE,FALSE,TRUE,TRUE,TRUE,FALSE,,,,FALSE,TRUE,FALSE,FALSE,FALSE
Chart_9,3,TRUE,TRUE,TRUE,FALSE,FALSE,FALSE,TRUE,FALSE,FALSE,이건 좀 관점/expected behavior 에 따라서 다른 듯 (test 를 수정할 것이냐 아니면 empty를 반환하게 할 것인가),FALSE,FALSE,TRUE,TRUE,TRUE,FALSE,,,,FALSE,TRUE,FALSE,FALSE,FALSE
Chart_9,4,TRUE,FALSE,FALSE,FALSE,FALSE,FALSE,FALSE,FALSE,FALSE,,TRUE,TRUE,TRUE,TRUE,TRUE,,,,,FALSE,FALSE,FALSE,FALSE,FALSE
Chart_9,5,TRUE,FALSE,TRUE,FALSE,FALSE,FALSE,TRUE,FALSE,FALSE,이건 좀 관점/expected behavior 에 따라서 다른 듯 (test 를 수정할 것이냐 아니면 empty를 반환하게 할 것인가) / 우리는 reference를 기준으로 하긴 했지만 설명하는 example로 쓸 수 있을 듯?,TRUE,TRUE,TRUE,TRUE,TRUE,,,,,FALSE,TRUE,FALSE,FALSE,FALSE
Closure_16,1,TRUE,FALSE,FALSE,FALSE,FALSE,FALSE,FALSE,FALSE,FALSE,,TRUE,TRUE,TRUE,TRUE,TRUE,,,,,FALSE,FALSE,FALSE,FALSE,FALSE
Closure_16,2,FALSE,,,,,,,,,,TRUE,TRUE,TRUE,TRUE,TRUE,,,,,,,,,FALSE
Closure_16,3,TRUE,FALSE,TRUE,FALSE,FALSE,FALSE,TRUE,FALSE,FALSE,,TRUE,TRUE,TRUE,TRUE,TRUE,,,,,FALSE,TRUE,FALSE,FALSE,FALSE
Closure_16,4,TRUE,FALSE,FALSE,FALSE,FALSE,FALSE,FALSE,FALSE,FALSE,,TRUE,TRUE,TRUE,TRUE,TRUE,,,,,FALSE,FALSE,FALSE,FALSE,FALSE
Closure_16,5,TRUE,FALSE,FALSE,FALSE,FALSE,FALSE,FALSE,FALSE,FALSE,,TRUE,TRUE,TRUE,TRUE,TRUE,,,,,FALSE,FALSE,FALSE,FALSE,FALSE
Lang_6,1,TRUE,FALSE,FALSE,FALSE,FALSE,FALSE,FALSE,FALSE,FALSE,,TRUE,TRUE,TRUE,TRUE,TRUE,,,,,FALSE,FALSE,FALSE,FALSE,FALSE
Lang_6,2,TRUE,FALSE,TRUE,FALSE,FALSE,FALSE,TRUE,FALSE,FALSE,"Based on the error message, it seems that the input being passed to the translate method is causing a StringIndexOutOfBoundsException when accessing character at index 2.",TRUE,TRUE,TRUE,TRUE,TRUE,,,,,FALSE,TRUE,FALSE,FALSE,FALSE
Lang_6,3,TRUE,FALSE,FALSE,FALSE,FALSE,FALSE,FALSE,FALSE,FALSE,,TRUE,TRUE,TRUE,TRUE,TRUE,,,,,FALSE,FALSE,FALSE,FALSE,FALSE
Lang_6,4,TRUE,TRUE,FALSE,TRUE,FALSE,FALSE,TRUE,FALSE,FALSE,,FALSE,FALSE,FALSE,FALSE,TRUE,TRUE,TRUE,FALSE,,TRUE,TRUE,FALSE,FALSE,FALSE
Lang_6,5,TRUE,FALSE,TRUE,FALSE,FALSE,FALSE,TRUE,FALSE,FALSE,,TRUE,TRUE,TRUE,TRUE,TRUE,,,,,FALSE,TRUE,FALSE,FALSE,FALSE
Math_4,1,TRUE,FALSE,TRUE,FALSE,FALSE,FALSE,TRUE,FALSE,FALSE,,TRUE,TRUE,TRUE,TRUE,TRUE,,,,,FALSE,TRUE,FALSE,FALSE,FALSE
Math_4,2,TRUE,FALSE,TRUE,FALSE,FALSE,FALSE,TRUE,FALSE,FALSE,,TRUE,TRUE,TRUE,TRUE,TRUE,,,,,FALSE,TRUE,FALSE,FALSE,FALSE
Math_4,3,FALSE,,,,,,,,,,TRUE,TRUE,TRUE,TRUE,TRUE,,,,,,,,,FALSE
Math_4,4,TRUE,FALSE,FALSE,FALSE,FALSE,FALSE,FALSE,FALSE,FALSE,,TRUE,TRUE,TRUE,TRUE,TRUE,,,,,FALSE,FALSE,FALSE,FALSE,FALSE
Math_4,5,TRUE,FALSE,FALSE,FALSE,FALSE,FALSE,FALSE,FALSE,FALSE,,TRUE,TRUE,TRUE,TRUE,TRUE,,,,,FALSE,FALSE,FALSE,FALSE,FALSE
Time_26,1,TRUE,FALSE,FALSE,FALSE,FALSE,FALSE,FALSE,FALSE,FALSE,이런게 root cause analysis 라고 봐야하니.. .. 애매하네 The difference lies in the time zone offset at the end of the string (+02:00 vs +01:00).,TRUE,TRUE,TRUE,TRUE,TRUE,,,,,FALSE,FALSE,FALSE,FALSE,FALSE
Time_26,2,TRUE,TRUE,FALSE,FALSE,FALSE,TRUE,FALSE,FALSE,FALSE,"Based on the test code, the issue seems to be related to daylight saving time (DST) changes.",TRUE,TRUE,TRUE,TRUE,TRUE,,,,,TRUE,FALSE,FALSE,FALSE,TRUE
Time_26,3,TRUE,FALSE,FALSE,FALSE,FALSE,TRUE,FALSE,TRUE,FALSE,"Please note that there may be other methods or classes involved in this issue, but based on the given information, fixing the withMinuteOfHour method seems to be a logical starting point.",FALSE,FALSE,TRUE,FALSE,TRUE,FALSE,,FALSE,,FALSE,FALSE,FALSE,FALSE,FALSE
Time_26,4,TRUE,FALSE,FALSE,FALSE,FALSE,FALSE,FALSE,FALSE,FALSE,,TRUE,TRUE,TRUE,TRUE,TRUE,,,,,FALSE,FALSE,FALSE,FALSE,FALSE
Time_26,5,TRUE,FALSE,FALSE,FALSE,FALSE,FALSE,FALSE,FALSE,FALSE,,TRUE,TRUE,TRUE,TRUE,TRUE,,,,,FALSE,FALSE,FALSE,FALSE,FALSE
Closure_69,1,TRUE,FALSE,FALSE,FALSE,FALSE,FALSE,TRUE,FALSE,FALSE,,FALSE,TRUE,FALSE,TRUE,TRUE,,TRUE,,,FALSE,TRUE,FALSE,FALSE,FALSE
Closure_69,2,TRUE,FALSE,FALSE,FALSE,FALSE,FALSE,FALSE,FALSE,FALSE,,TRUE,TRUE,TRUE,TRUE,TRUE,,,,,FALSE,FALSE,FALSE,FALSE,FALSE
Closure_69,3,TRUE,FALSE,FALSE,FALSE,FALSE,FALSE,FALSE,FALSE,FALSE,,TRUE,TRUE,TRUE,TRUE,TRUE,,,,,FALSE,FALSE,FALSE,FALSE,FALSE
Closure_69,4,TRUE,FALSE,FALSE,FALSE,FALSE,FALSE,FALSE,FALSE,FALSE,"이런게 root cause analysis 라고 봐야하니.. 아니겠지? The error message states that an ""expected a warning"" assertion failed. This suggests that the test expected a warning to be issued during type checking, but no warning was generated.",TRUE,TRUE,TRUE,TRUE,TRUE,,,,,FALSE,FALSE,FALSE,FALSE,FALSE
Closure_69,5,TRUE,FALSE,FALSE,FALSE,FALSE,FALSE,FALSE,FALSE,FALSE,,TRUE,TRUE,TRUE,TRUE,TRUE,,,,,FALSE,FALSE,FALSE,FALSE,FALSE
Math_57,1,TRUE,FALSE,FALSE,FALSE,FALSE,FALSE,FALSE,FALSE,FALSE,,TRUE,TRUE,TRUE,TRUE,TRUE,,,,,FALSE,FALSE,FALSE,FALSE,FALSE
Math_57,2,TRUE,FALSE,TRUE,FALSE,FALSE,FALSE,TRUE,FALSE,FALSE,,TRUE,TRUE,TRUE,TRUE,TRUE,,,,,FALSE,TRUE,FALSE,FALSE,FALSE
Math_57,3,TRUE,TRUE,FALSE,FALSE,FALSE,FALSE,TRUE,FALSE,FALSE,,FALSE,FALSE,FALSE,TRUE,TRUE,FALSE,FALSE,,,FALSE,FALSE,FALSE,FALSE,FALSE
Math_57,4,TRUE,FALSE,FALSE,FALSE,FALSE,FALSE,FALSE,FALSE,FALSE,,TRUE,TRUE,TRUE,TRUE,TRUE,,,,,FALSE,FALSE,FALSE,FALSE,FALSE
Math_57,5,TRUE,FALSE,TRUE,FALSE,FALSE,FALSE,FALSE,FALSE,FALSE,,FALSE,TRUE,FALSE,TRUE,TRUE,,FALSE,,,FALSE,FALSE,FALSE,FALSE,FALSE
,,,,,,,,,,,,89,45,43,31,17,0.09066666667,,,,60,,,,43