ParticipantID,Problem,Difficulty,UsedFL,WantedExplanation,UsedExplanation,WhichLLM,NewErrorMessage,WantedNewExplanation,ExplMatchedDevPatch,CouldDistinguishCorrectExpl
chicken,tutorial,3,True,True,True,3.5,False,,Partial,False
lion,tutorial,2,False,False,False,,False,,,
eagle,tutorial,2,False,False,False,,False,,False,
turtle,tutorial,2,True,True,True,Both,False,,True,True
deer,tutorial,2,True,True,True,Both,False,,Partial,False
koala,tutorial,1,True,True,True,3.5,False,,Partial,True
tiger,tutorial,3,True,True,True,3.5,True,False,Partial,True
dolphin,tutorial,3,True,True,True,4,False,,Partial,False
elephant,tutorial,1,True,True,True,3.5,False,,True,True
dragon,tutorial,3,True,True,True,3.5,False,,Partial,False
bear,tutorial,5,True,True,True,,False,,False,
ladybug,tutorial,2,True,True,True,Both,False,,Partial,True
shark,tutorial,2,True,True,True,3.5,True,True,Partial,False
crab,tutorial,3,True,True,True,3.5,False,,True,True
parrot,tutorial,3,True,True,True,Both,True,True,True,True
seal,tutorial,2,True,True,True,3.5,False,,True,True
chicken,pandas_22,3,False,,True,3.5,True,True,Partial,False
lion,pandas_22,4,True,True,False,Both,True,True,True,True
eagle,pandas_22,3,True,True,True,Both,True,True,Partial,True
turtle,pandas_22,3,True,True,True,3.5,True,False,True,True
deer,pandas_22,5,True,True,True,Both,True,True,Partial,False
koala,pandas_22,4,True,True,True,4,True,True,Partial,True
tiger,pandas_22,5,False,,False,Both,True,True,False,False
dolphin,pandas_22,4,True,True,True,Both,False,,True,False
elephant,pandas_152,1,True,True,True,3.5,False,,False,True
dragon,pandas_152,1,True,True,True,3.5,False,,False,True
bear,pandas_152,1,False,,False,,False,,Partial,
ladybug,pandas_152,1,True,True,True,4,False,,Partial,True
shark,pandas_152,2,True,True,True,4,False,,False,True
crab,pandas_152,2,False,,False,,False,,False,
parrot,pandas_152,2,True,True,True,4,False,,False,True
seal,pandas_152,1,True,True,True,3.5,False,,False,False
chicken,pandas_142,4,False,True,True,3.5,True,True,True,False
lion,pandas_142,3,False,False,True,4,False,,True,True
eagle,pandas_142,,True,True,True,Both,True,True,Partial,True
turtle,pandas_142,1,True,True,True,Both,False,,Partial,True
deer,pandas_142,5,True,True,True,Both,True,True,Partial,False
koala,pandas_142,5,True,True,True,4,True,True,True,True
tiger,pandas_142,1,False,True,False,4,True,True,Partial,True
dolphin,pandas_142,5,True,False,True,Both,,,False,False
elephant,pandas_158,3,True,True,False,Both,True,True,Partial,True
dragon,pandas_158,3,True,True,True,3.5,False,,False,False
bear,pandas_158,5,True,True,True,Both,True,True,Partial,True
ladybug,pandas_158,4,True,True,True,Both,True,True,True,True
shark,pandas_158,3,True,True,True,3.5,False,,Partial,False
crab,pandas_158,5,True,False,False,4,True,False,Partial,False
parrot,pandas_158,4,True,True,True,3.5,True,True,False,True
seal,pandas_158,5,True,True,True,Both,True,True,Partial,False